data_pobrania,tytul,cena,link,aneks,czynsz,pietro,pokoje,lokalizacja,rok_budowy,ogrzewanie,kaucja,stan,powierzchnia,data_aktualizacji
2026-02-14 08:43,"Piętro willi, Sołtysowice, 2800+liczniki 80mkw",2800,https://www.otodom.pl/pl/oferta/pietro-willi-soltysowice-2800-liczniki-80mkw-ID4y4hp,NIE,1,2,3,Wrocław,brak,gazowe,2800,brak,80,2026-02-14
2026-02-14 08:46,Wynajmę Przytulne mieszkanie 3 pokoje w CENTRUM WROCŁAWIA,2500,https://www.otodom.pl/pl/oferta/wynajme-przytulne-mieszkanie-3-pokoje-w-centrum-wroclawia-ID4A76o,NIE,750,0,3,"ul. Zielonogórska, Wrocław",1971,miejskie,2000,brak,51,2026-02-14
2026-02-14 08:49,PL/UA Rozkładowe 2 Pokoje | Centrum | Parking | WiFi | Od 08.03.,2999,https://www.otodom.pl/pl/oferta/pl-ua-rozkladowe-2-pokoje-centrum-parking-wifi-od-08-03-ID4A74n,NIE,854,3,2,"ul. Tadeusza Kościuszki, Wrocław",brak,miejskie,3000,brak,42,2026-02-14
2026-02-14 08:53,Nowe mieszkanie Centrum,3500,https://www.otodom.pl/pl/oferta/nowe-mieszkanie-centrum-ID4A71F,TAK,0,5,2,"Aleja Kardynała Stefana Wyszyńskiego, Wrocław",2022,brak,0,brak,47.1,2026-02-14
2026-02-14 09:00,DO WYNAJĘCIA 2 POKOJOWE MIESZKANIE Z TARASEM  UL. WIETRZNA,2490,https://www.otodom.pl/pl/oferta/do-wynajecia-2-pokojowe-mieszkanie-z-tarasem-ul-wietrzna-ID4A70c,NIE,440,3,2,"ul. Wietrzna, Wrocław",2000,gazowe,2500,brak,40,2026-02-14
2026-02-14 09:03,Luksusowy apartament w OVO HILTON,3800,https://www.otodom.pl/pl/oferta/luksusowy-apartament-w-ovo-hilton-ID4A6Ym,TAK,670,6,2,"ul. Podwale, Wrocław",2016,miejskie,4500,brak,45,2026-02-14
2026-02-14 09:04,Nowe dwupokojowe mieszkanie w świetnej lokalizacji,2500,https://www.otodom.pl/pl/oferta/nowe-dwupokojowe-mieszkanie-w-swietnej-lokalizacji-ID4A6Xf,TAK,550,1,2,"al. Śliwowa, Wrocław",2025,miejskie,3000,brak,37,2026-02-14
2026-02-14 09:06,Słoneczne mieszkanie w zielonej okolicy,3300,https://www.otodom.pl/pl/oferta/sloneczne-mieszkanie-w-zielonej-okolicy-ID4xV4P,NIE,1500,1,3,"ul. Artura Młodnickiego, Wrocław",2002,miejskie,7000,brak,63,2026-02-14
2026-02-14 09:06,Do wynajęcia kawalerka położona przy ul. Gajowej / przy CH Wroclavia,1950,https://www.otodom.pl/pl/oferta/do-wynajecia-kawalerka-polozona-przy-ul-gajowej-przy-ch-wroclavia-ID4A6WL,TAK,450,3,1,"ul. Gajowa, Wrocław",brak,electrical,2750,brak,26,2026-02-14
2026-02-14 09:08,Super kawalerka ul. Legnicka Małopanewska Magnolia,2500,https://www.otodom.pl/pl/oferta/super-kawalerka-ul-legnicka-malopanewska-magnolia-ID3Sfwa,NIE,500,4,1,"ul. Małopanewska, Wrocław",brak,brak,2500,brak,32,2026-02-14
2026-02-14 09:17,2 pokoje - Salon/sypialnia/klimatyzacja - Duży taras ! ul. Chachaja 13,3500,https://www.otodom.pl/pl/oferta/2-pokoje-salon-sypialnia-klimatyzacja-duzy-taras-ul-chachaja-13-ID4A1qq,NIE,750,brak,2,Wrocław,2022,brak,5100,brak,48,2026-02-14
2026-02-14 09:18,MAGNOLIA - ul. Legnicka 60c - kawalerka 22 m2,2485,https://www.otodom.pl/pl/oferta/magnolia-ul-legnicka-60c-kawalerka-22-m2-ID4A2pb,TAK,575,5,1,"ul. Legnicka, Wrocław",2022,miejskie,3640,brak,22.04,2026-02-14
2026-02-14 09:25,Studio Smart 17m2/Pet friendly/Voucher 1000 zł,1700,https://www.otodom.pl/pl/oferta/studio-smart-17m2-pet-friendly-voucher-1000-zl-ID4zVLU,TAK,700,brak,1,"ul. Buforowa, Wrocław",2022,brak,2800,brak,17,2026-02-14
2026-02-14 09:28,"Przestronny, dwupoziomowy apartament przy Jana Pawła – 5 min od Rynku",3800,https://www.otodom.pl/pl/oferta/przestronny-dwupoziomowy-apartament-przy-jana-pawla-5-min-od-rynku-ID4A6DB,TAK,1000,4,2,"pl. Jana Pawła II, Wrocław",brak,miejskie,4800,brak,66,2026-02-14
2026-02-14 09:29,"Kawalerka 53 m² – Kniaziewicza, wysoki standard, pierwszy najem",3000,https://www.otodom.pl/pl/oferta/kawalerka-53-m-kniaziewicza-wysoki-standard-pierwszy-najem-ID4y3HQ,NIE,300,2,1,"ul. gen. Karola Kniaziewicza, Wrocław",2025,miejskie,6000,brak,53,2026-02-14
2026-02-08 01:56,"Nowoczesna kawalerka 30,5 m2 z dużym balkonem na nowym osiedlu",2250,https://www.otodom.pl/pl/oferta/nowoczesna-kawalerka-30-5-m2-z-duzym-balkonem-na-nowym-osiedlu-ID4zJhw,NIE,500,5,1,"ul. Adama Jerzego Czartoryskiego, Wrocław",2019,miejskie,2250,brak,31,2026-02-14
2026-02-08 01:58,Rozkładowe | Świetna lokalizacja,2900,https://www.otodom.pl/pl/oferta/rozkladowe-swietna-lokalizacja-ID4zJ7s,NIE,750,0,2,"ul. Ludwika Idzikowskiego, Wrocław",2012,brak,0,brak,53.5,2026-02-14
2026-02-08 01:59,"Dla 5 pracowników sektora budowlanego, 3 Pokoje",2290,https://www.otodom.pl/pl/oferta/dla-5-pracownikow-sektora-budowlanego-3-pokoje-ID4zJ6a,NIE,0,3,3,"ul. Franciszka Hynka, Wrocław",1980,brak,3,brak,67,2026-02-14
2026-02-08 02:00,wynajmę bezpośrednio piękne mieszkanie w centrum,2900,https://www.otodom.pl/pl/oferta/wynajme-bezposrednio-piekne-mieszkanie-w-centrum-ID44AID,TAK,900,2,3,Wrocław,1962,miejskie,3800,brak,43.5,2026-02-14
2026-02-08 02:00,PL | UA | RU | Loft z antresolą | Centrum | pl. Jana Pawła II,3500,https://www.otodom.pl/pl/oferta/pl-ua-ru-loft-z-antresola-centrum-pl-jana-pawla-ii-ID4zISn,TAK,600,3,1,"pl. Jana Pawła II, Wrocław",brak,miejskie,3500,brak,40,2026-02-14
2026-02-08 02:01,2 pok. mieszkanie z balkonem w kamienicy - Nyska,2500,https://www.otodom.pl/pl/oferta/2-pok-mieszkanie-z-balkonem-w-kamienicy-nyska-ID4zIMq,NIE,900,1,2,"ul. Nyska, Wrocław",brak,brak,3800,brak,57,2026-02-14
2026-02-08 02:01,Nowoczesne 2-poziomowe mieszkanie 132m² z 4 tarasowymi balkonami – Wro,5900,https://www.otodom.pl/pl/oferta/nowoczesne-2-poziomowe-mieszkanie-132m-z-4-tarasowymi-balkonami-wro-ID4zlZH,NIE,1000,1,4,"ul. Bociania, Wrocław",2022,miejskie,7800,brak,132,2026-02-14
2026-02-08 02:02,"2pokoje, blisko Rynku i dworca PKP, Wrocław",2500,https://www.otodom.pl/pl/oferta/2pokoje-blisko-rynku-i-dworca-pkp-wroclaw-ID4zlsT,NIE,0,4,2,"ul. Komuny Paryskiej, Wrocław",brak,miejskie,3000,brak,45,2026-02-14
2026-02-08 02:02,Nowe|2 pokoje|Klimatyzacja|Galeria Dominikańska,3050,https://www.otodom.pl/pl/oferta/nowe-2-pokoje-klimatyzacja-galeria-dominikanska-ID4zIIs,TAK,630,6,2,Wrocław,2022,miejskie,5000,brak,43,2026-02-14
2026-02-08 02:03,Pl|Ua|Eng|Prowizja 0%|Коммисия 0%|Lokal usługowy,6500,https://www.otodom.pl/pl/oferta/pl-ua-eng-prowizja-0-0-lokal-uslugowy-ID4zIHr,NIE,850,1,4,"bulw. kard. Stefana Wyszyńskiego, Wrocław",brak,brak,13000,brak,72,2026-02-14
2026-02-08 02:04,PL | RY | 2-pokoje | Port Popowice | 43 m² + balkon | klimatyzacja,3050,https://www.otodom.pl/pl/oferta/pl-ry-2-pokoje-port-popowice-43-m-balkon-klimatyzacja-ID4zIGs,TAK,650,2,2,"ul. Białowieska, Wrocław",brak,brak,4000,brak,44,2026-02-14
2026-02-08 02:05,"2 pok, ogródek, piwnica, parking Ul. M. Reja",2700,https://www.otodom.pl/pl/oferta/2-pok-ogrodek-piwnica-parking-ul-m-reja-ID4zIvw,NIE,1000,0,2,"ul. Mikołaja Reja, Wrocław",brak,miejskie,3000,brak,47,2026-02-14
2026-02-08 02:07,Studio na ul. Mieszczańskiej - WYNAJEM NA MIESIĄCE,2500,https://www.otodom.pl/pl/oferta/studio-na-ul-mieszczanskiej-wynajem-na-miesiace-ID4zI2l,TAK,600,3,1,"ul. Mieszczańska, Wrocław",2019,miejskie,3500,brak,23,2026-02-14
2026-02-08 02:08,Taras | Klasyczny styl | Rynek | m.p,3500,https://www.otodom.pl/pl/oferta/taras-klasyczny-styl-rynek-m-p-ID4zHVF,TAK,1370,4,2,"ul. Krawiecka, Wrocław",2006,miejskie,5000,brak,54,2026-02-14
2026-02-08 02:08,Eleganckie studio z antresolą – Sky Tower - Krzyki,2600,https://www.otodom.pl/pl/oferta/eleganckie-studio-z-antresola-sky-tower-krzyki-ID4zG3f,TAK,800,1,1,"ul. Lwowska, Wrocław",brak,brak,5000,brak,36,2026-02-14
2026-02-08 02:09,Kromera (okolice) - 2 pok. do wynajęcia ul.,2100,https://www.otodom.pl/pl/oferta/kromera-okolice-2-pok-do-wynajecia-ul-ID4zHIx,NIE,820,0,2,"ul. Grudziądzka, Wrocław",2008,miejskie,3500,brak,48.3,2026-02-14
2026-02-08 02:10,Ulica Magellana ! Pełen Rozkład ! Super Wyposażone Umeblowane Okazja !,2800,https://www.otodom.pl/pl/oferta/ulica-magellana-pelen-rozklad-super-wyposazone-umeblowane-okazja-ID4zHI6,NIE,0,2,2,Wrocław,brak,miejskie,brak,brak,46,2026-02-14
2026-02-08 02:11,Mieszkanie 37m2 dwa pokoje. Parking + komórka.,2650,https://www.otodom.pl/pl/oferta/mieszkanie-37m2-dwa-pokoje-parking-komorka-ID4e9oH,TAK,650,3,2,Wrocław,2020,brak,3500,brak,37,2026-02-14
2026-02-08 02:12,"Dwupokojowe mieszkanie, w pełni urządzone,42m",2350,https://www.otodom.pl/pl/oferta/dwupokojowe-mieszkanie-w-pelni-urzadzone-42m-ID4iIzT,TAK,650,2,2,Wrocław,2022,miejskie,3000,brak,42.2,2026-02-14
2026-02-08 02:13,Wygodne w wybornej lokalizacji. Obok Sky Tower,2650,https://www.otodom.pl/pl/oferta/wygodne-w-wybornej-lokalizacji-obok-sky-tower-ID4zHq9,NIE,700,3,2,Wrocław,1920,other,brak,brak,49,2026-02-14
2026-02-08 02:13,Plac Grunwaldzki Liskego 2 pokoje 43 m2 klimatyzacja,3000,https://www.otodom.pl/pl/oferta/plac-grunwaldzki-liskego-2-pokoje-43-m2-klimatyzacja-ID4vFHc,TAK,0,4,2,"ul. Ksawerego Liskego, Wrocław",brak,miejskie,3000,brak,43,2026-02-14
2026-02-08 02:14,2 pokoje z ogródkiem I miesjce postojowe I kameralne osiedle,2950,https://www.otodom.pl/pl/oferta/2-pokoje-z-ogrodkiem-i-miesjce-postojowe-i-kameralne-osiedle-ID4y6NJ,TAK,400,0,2,"ul. Lekcyjna, Wrocław",2012,gazowe,4000,brak,52.04,2026-02-14
2026-02-08 02:14,Słoneczny apartament w nowoczesnej willi miejskiej,4400,https://www.otodom.pl/pl/oferta/sloneczny-apartament-w-nowoczesnej-willi-miejskiej-ID4knMf,NIE,2200,1,3,"aleja Lipowa, Wrocław",2009,miejskie,12000,brak,104,2026-02-14
2026-02-08 02:15,"Nowe, słoneczne mieszkanie 2-pok. z m. postojowym-Jagodno",3000,https://www.otodom.pl/pl/oferta/nowe-sloneczne-mieszkanie-2-pok-z-m-postojowym-jagodno-ID4zGE3,NIE,700,4,2,"ul. Buforowa, Wrocław",brak,brak,3000,brak,52,2026-02-14
2026-02-08 02:16,"3 pok.71m2 garaż, piwnica, balkon, kom.lok 12m2",3950,https://www.otodom.pl/pl/oferta/3-pok-71m2-garaz-piwnica-balkon-kom-lok-12m2-ID4wE4l,TAK,900,3,3,"ul. Rafała Wojaczka, Wrocław",brak,miejskie,8000,brak,71,2026-02-14
2026-02-08 02:17,Apartament 105 m² | Balkon | Garaż | Krzyki-Borek,4400,https://www.otodom.pl/pl/oferta/apartament-105-m-balkon-garaz-krzyki-borek-ID4yspV,TAK,1860,1,3,"al. Lipowa, Wrocław",2005,miejskie,brak,brak,105,2026-02-14
2026-02-08 02:18,Na wynajem 3 pokoje - ul. Powstańców Śląskich,2800,https://www.otodom.pl/pl/oferta/na-wynajem-3-pokoje-ul-powstancow-slaskich-ID4zGes,NIE,1250,2,3,"pl. Powstańców Śląskich, Wrocław",1972,brak,0,brak,51,2026-02-14
2026-02-08 02:20,Kawalerka od teraz – ATAL City Square - Pet friendly!,1999,https://www.otodom.pl/pl/oferta/kawalerka-od-teraz-atal-city-square-pet-friendly-ID4zFPY,TAK,600,1,1,Wrocław,2024,miejskie,2599,brak,20,2026-02-14
2026-02-08 02:20,Klimatyczne apartamenty w sercu zielonych Karłowic Arche Klasztor,2500,https://www.otodom.pl/pl/oferta/klimatyczne-apartamenty-w-sercu-zielonych-karlowic-arche-klasztor-ID4zBhV,TAK,0,1,1,"al. Jana Kasprowicza, Wrocław",brak,gazowe,1000,brak,16.92,2026-02-14
2026-02-08 02:24,Wynajmę umeblowaną kawalerkę 25m2,1950,https://www.otodom.pl/pl/oferta/wynajme-umeblowana-kawalerke-25m2-ID4ogNV,NIE,500,1,1,"ul. Ptasia, Wrocław",2023,miejskie,3900,brak,25,2026-02-14
2026-02-08 02:25,Stylowe mieszkanie 76 m²  | 2 pokoje | Wojnów,3500,https://www.otodom.pl/pl/oferta/stylowe-mieszkanie-76-m-2-pokoje-wojnow-ID4z1tT,NIE,0,0,2,"ul. Wykładowa, Wrocław",brak,gazowe,4000,brak,76,2026-02-14
2026-02-08 02:26,2 sypialnie - Nowe budownictwo - 2 balkony,4000,https://www.otodom.pl/pl/oferta/2-sypialnie-nowe-budownictwo-2-balkony-ID4zDTK,NIE,1200,6,3,Wrocław,brak,miejskie,5000,brak,66.76,2026-02-14
2026-02-08 02:26,ul.Mieszczańska 59m2 3pok 4200zł  wysoki standard,4200,https://www.otodom.pl/pl/oferta/ul-mieszczanska-59m2-3pok-4200zl-wysoki-standard-ID4ywsu,TAK,600,5,3,"ul. Mieszczańska, Wrocław",2019,miejskie,5000,brak,62,2026-02-14
2026-02-08 02:29,"Mieszkanie, 45 m², Wrocław",2800,https://www.otodom.pl/pl/oferta/mieszkanie-45-m-wroclaw-ID4xIdf,NIE,770,1,2,"ul. Bzowa, Wrocław",1970,miejskie,3000,brak,45,2026-02-14
2026-02-08 02:31,Kawalerka przy Dmowskiego,2100,https://www.otodom.pl/pl/oferta/kawalerka-przy-dmowskiego-ID4zEnG,TAK,480,0,1,"ul. Romana Dmowskiego, Wrocław",2015,brak,brak,brak,26.2,2026-02-14
2026-02-08 02:32,al. Jana Matejki|240 m2|6 pokoi i 3 łazienki| 4 miejsca postojowe,13000,https://www.otodom.pl/pl/oferta/al-jana-matejki-240-m2-6-pokoi-i-3-lazienki-4-miejsca-postojowe-ID4zEmt,TAK,2062,5,6,"al. Jana Matejki, Wrocław",brak,miejskie,18000,brak,240,2026-02-14
2026-02-08 02:34,Możliwość najmu na 6 miesięcy | Pierwszy najem | Garaż,3500,https://www.otodom.pl/pl/oferta/mozliwosc-najmu-na-6-miesiecy-pierwszy-najem-garaz-ID4yUau,NIE,800,5,3,"ul. Ślężna, Wrocław",2025,miejskie,4300,brak,61,2026-02-14
2026-02-08 02:37,4 pokoje na Ołtaszynie|2 tarasy|2 miejsca postojowe,10000,https://www.otodom.pl/pl/oferta/4-pokoje-na-oltaszynie-2-tarasy-2-miejsca-postojowe-ID4yYls,TAK,1000,1,4,"ul. adm. Józefa Unruga, Wrocław",brak,brak,11500,brak,122,2026-02-14
2026-02-08 02:39,Eleganckie studio. Nowe budownictwo. Na już.,2250,https://www.otodom.pl/pl/oferta/eleganckie-studio-nowe-budownictwo-na-juz-ID4vGWH,TAK,500,4,1,"ul. Krzycka, Wrocław",2012,miejskie,2600,brak,27,2026-02-14
2026-02-08 02:41,2 pokoje dostępne od zaraz,2600,https://www.otodom.pl/pl/oferta/2-pokoje-dostepne-od-zaraz-ID4zCHn,TAK,680,2,2,"ul. Aleksandra Godlewskiego, Wrocław",2002,miejskie,3000,brak,43,2026-02-14
2026-02-08 02:42,Mikroapartamenty przy PKP ul. Stawowa /Rejtana Najem  średnioterminowy,3000,https://www.otodom.pl/pl/oferta/mikroapartamenty-przy-pkp-ul-stawowa-rejtana-najem-srednioterminowy-ID4zCBU,TAK,0,2,1,"ul. Tadeusza Rejtana, Wrocław",1900,other,2000,brak,28,2026-02-14
2026-02-08 02:42,Designerskie mieszkanie 90m2 + 2MP + Traras!,5500,https://www.otodom.pl/pl/oferta/designerskie-mieszkanie-90m2-2mp-traras-ID4yIsc,TAK,1550,0,3,"ul. Zwycięska, Wrocław",2018,miejskie,10000,brak,90,2026-02-14
2026-02-08 02:44,Unikatowy apartament Młyn Maria_Ostrów Tumski,3250,https://www.otodom.pl/pl/oferta/unikatowy-apartament-mlyn-maria-ostrow-tumski-ID4z1tw,NIE,750,4,2,"ul. gen. Józefa Bema, Wrocław",2024,miejskie,5000,brak,45,2026-02-14
2026-02-08 02:44,2-pokojowe mieszkanie z dużym tarasem Zakładowa,2600,https://www.otodom.pl/pl/oferta/2-pokojowe-mieszkanie-z-duzym-tarasem-zakladowa-ID4zCet,TAK,500,0,2,"ul. Zakładowa, Wrocław",2018,miejskie,brak,brak,36,2026-02-14
2026-02-08 02:47,2 Pokoje | ul. Rumiankowa | Z Dużym Ogrodem i Garderobą,2800,https://www.otodom.pl/pl/oferta/2-pokoje-ul-rumiankowa-z-duzym-ogrodem-i-garderoba-ID4zBWG,NIE,900,0,2,"ul. Rumiankowa, Wrocław",brak,gazowe,3700,brak,53,2026-02-14
2026-02-08 02:48,Nowoczesny apartament w budynku Marina nad Odrą,8100,https://www.otodom.pl/pl/oferta/nowoczesny-apartament-w-budynku-marina-nad-odra-ID4zBRN,NIE,2000,2,2,"ul. Pomorska, Wrocław",2018,miejskie,15000,brak,44.07,2026-02-14
2026-02-08 02:48,Pierwszy najem zjawiskowego mieszkania w willi na Borku!,2600,https://www.otodom.pl/pl/oferta/pierwszy-najem-zjawiskowego-mieszkania-w-willi-na-borku-ID4zBzx,TAK,652,2,2,"Aleja Kasztanowa, Wrocław",brak,miejskie,3500,brak,35,2026-02-14
2026-02-08 02:49,Stylowe 2 pok. w odrestaurowanej kamienicy. Szpitalna,2800,https://www.otodom.pl/pl/oferta/stylowe-2-pok-w-odrestaurowanej-kamienicy-szpitalna-ID4zfum,NIE,450,2,2,"ul. Szpitalna, Wrocław",1930,electrical,2800,brak,62,2026-02-14
2026-02-08 02:49,Luksusowy apartament na wodzie/prywatny taras na dachu/Centrum,14999,https://www.otodom.pl/pl/oferta/luksusowy-apartament-na-wodzie-prywatny-taras-na-dachu-centrum-ID4zp9K,TAK,2500,4,3,"ul. Księcia Witolda, Wrocław",2020,miejskie,35000,brak,118,2026-02-14
2026-02-08 02:50,Atrakcyjne 3-pokoje z balkonem–Olimpia Port,3500,https://www.otodom.pl/pl/oferta/atrakcyjne-3-pokoje-z-balkonemolimpia-port-ID4zAz5,TAK,0,1,3,"Vespucciego, Wrocław",brak,miejskie,brak,brak,51,2026-02-14
2026-02-08 02:50,Jasne 2‑pokojowe mieszkanie pierwszy najem - Trzmielowicka,2290,https://www.otodom.pl/pl/oferta/jasne-2pokojowe-mieszkanie-pierwszy-najem-trzmielowicka-ID4zAqW,TAK,950,3,2,"ul. Trzmielowicka, Wrocław",brak,miejskie,3240,brak,35,2026-02-14
2026-02-08 02:51,"Apartament 2pok., taras 30m2, Gądów Mały",3800,https://www.otodom.pl/pl/oferta/apartament-2pok-taras-30m2-gadow-maly-ID4zAir,TAK,0,3,2,"ul. Ludwika Idzikowskiego, Wrocław",2011,miejskie,5000,brak,67,2026-02-14
2026-02-08 02:51,Lux wyposażony Klimatyzacja Siłownia! Balkon!,2350,https://www.otodom.pl/pl/oferta/lux-wyposazony-klimatyzacja-silownia-balkon-ID43dKK,NIE,600,3,1,"ul. Na Grobli, Wrocław",2020,miejskie,brak,brak,28,2026-02-14
2026-02-08 02:52,Stylowe 2 pokoje | 73 m2 | Pomorska,3300,https://www.otodom.pl/pl/oferta/stylowe-2-pokoje-73-m2-pomorska-ID4zzJK,NIE,450,4,2,"ul. Pomorska, Wrocław",1900,gazowe,4000,brak,72.8,2026-02-14
2026-02-08 02:53,"Mieszkanie w samym sercu Wrocławia| 46,6 m2",4200,https://www.otodom.pl/pl/oferta/mieszkanie-w-samym-sercu-wroclawia-46-6-m2-ID4zjD1,NIE,900,3,3,Wrocław,brak,brak,brak,brak,46.6,2026-02-14
2026-02-08 02:53,"Bujwida, 2 pok, cicho, zielono",2300,https://www.otodom.pl/pl/oferta/bujwida-2-pok-cicho-zielono-ID4zzaQ,NIE,700,0,2,"ul. Odona Bujwida, Wrocław",brak,miejskie,3000,brak,60,2026-02-14
2026-02-08 02:54,PIERWSZY NAJEM 2-pok apartament  ATAL Madalińskiego *pod klucz*,3500,https://www.otodom.pl/pl/oferta/pierwszy-najem-2-pok-apartament-atal-madalinskiego-pod-klucz-ID4zyC9,TAK,850,5,2,Wrocław,brak,brak,brak,brak,45,2026-02-14
2026-02-08 02:54,2 Pokoje - Klima - Balkon - Garaż - Krzyki,3200,https://www.otodom.pl/pl/oferta/2-pokoje-klima-balkon-garaz-krzyki-ID4zynf,TAK,0,4,2,"ul. Komuny Paryskiej, Wrocław",brak,miejskie,4000,brak,40,2026-02-14
2026-02-08 02:55,✧Apartament ✧Atal Towers ✧2 łazienki ✧Garaż✧ ENG,4400,https://www.otodom.pl/pl/oferta/apartament-atal-towers-2-lazienki-garaz-eng-ID4zxYU,TAK,950,1,3,Wrocław,2017,miejskie,5000,brak,62,2026-02-14
2026-02-08 02:55,3 piętro/balkon/parking/okolice FATu,2500,https://www.otodom.pl/pl/oferta/3-pietro-balkon-parking-okolice-fatu-ID4rlG4,TAK,650,3,2,"ul. Miedziana, Wrocław",2023,miejskie,2500,brak,39,2026-02-14
2026-02-08 02:57,Apartament 3 min do Rynku!,3800,https://www.otodom.pl/pl/oferta/apartament-3-min-do-rynku-ID4zpoE,TAK,0,2,2,"ul. Krawiecka, Wrocław",brak,brak,0,brak,66.5,2026-02-14
2026-02-08 02:57,"Prusa, rozkładowe, parking, komórka - bez prowizji",3000,https://www.otodom.pl/pl/oferta/prusa-rozkladowe-parking-komorka-bez-prowizji-ID4zuVP,NIE,0,0,2,"ul. Bolesława Prusa, Wrocław",1990,miejskie,brak,brak,46,2026-02-14
2026-02-08 02:58,Sky Tower/36 piętro/Lux/3 pokoje,14000,https://www.otodom.pl/pl/oferta/sky-tower-36-pietro-lux-3-pokoje-ID4yTyL,TAK,3000,10,3,"ul. Gwiaździsta, Wrocław",2012,miejskie,brak,brak,100,2026-02-14
2026-02-08 02:59,"Mikroapartament, Port Popowice, Wrocław",1950,https://www.otodom.pl/pl/oferta/mikroapartament-port-popowice-wroclaw-ID4z1Fq,TAK,0,6,1,Wrocław,2020,miejskie,2000,brak,18,2026-02-14
2026-02-08 03:00,"Szereg z tarasem, ogródkiem i garażem, 10 min. od pl. Grunwaldzkiego",3500,https://www.otodom.pl/pl/oferta/szereg-z-tarasem-ogrodkiem-i-garazem-10-min-od-pl-grunwaldzkiego-ID4yWoq,NIE,1200,0,3,"ul. Kętrzyńska, Wrocław",2000,gazowe,4700,brak,88,2026-02-14
2026-02-08 03:00,Studio 28 m2 /Nefrytowa/ Ołtaszyn,2200,https://www.otodom.pl/pl/oferta/studio-28-m2-nefrytowa-oltaszyn-ID4yZ8a,NIE,465,2,1,"ul. Nefrytowa, Wrocław",2023,miejskie,brak,brak,28,2026-02-14
2026-02-08 03:01,Doskonała lokalizacja |Przyjazne zwierzętom | Bez prowizji I Dostępne,3085,https://www.otodom.pl/pl/oferta/doskonala-lokalizacja-przyjazne-zwierzetom-bez-prowizji-i-dostepne-ID4yzzt,NIE,464,3,3,"ul. Kolejowa, Wrocław",brak,miejskie,6170,brak,63,2026-02-14
2026-02-08 03:01,3 pokojowe/Ameriga Vespucciego / Olimpia Port,3200,https://www.otodom.pl/pl/oferta/3-pokojowe-ameriga-vespucciego-olimpia-port-ID4zrAT,NIE,865,3,3,"Ameriga Vespucciego, Wrocław",2023,miejskie,brak,brak,53,2026-02-14
2026-02-08 03:02,Luksusowy dwupoziomowy apartament 85 m² z tarasem,6500,https://www.otodom.pl/pl/oferta/luksusowy-dwupoziomowy-apartament-85-m-z-tarasem-ID4zpJv,NIE,800,1,3,"ul. Jurija Gagarina, Wrocław",2022,miejskie,10000,brak,85,2026-02-14
2026-02-08 03:03,Trzypokojowe mieszkanie na wynajem|osobna kuchnia,3300,https://www.otodom.pl/pl/oferta/trzypokojowe-mieszkanie-na-wynajem-osobna-kuchnia-ID4zpfY,NIE,0,0,3,"ul. Kiełczowska, Wrocław",brak,miejskie,brak,brak,67,2026-02-14
2026-02-08 03:05,"Piękne mieszkanie we Wrocławiu, ul. Trzmielowicka",5500,https://www.otodom.pl/pl/oferta/piekne-mieszkanie-we-wroclawiu-ul-trzmielowicka-ID4znVF,TAK,850,3,5,Wrocław,2023,miejskie,brak,brak,100,2026-02-14
2026-02-08 03:05,Nowa kawalerka w centrum! Parking! Piwnica!,2100,https://www.otodom.pl/pl/oferta/nowa-kawalerka-w-centrum-parking-piwnica-ID4tyxX,TAK,360,1,1,Wrocław,2024,brak,4000,brak,26,2026-02-14
2026-02-08 03:06,"Piękne mieszkanie, pierwszy najem!",2500,https://www.otodom.pl/pl/oferta/piekne-mieszkanie-pierwszy-najem-ID4yKMA,TAK,500,3,2,"ul. Maślicka, Wrocław",2024,brak,3100,brak,36,2026-02-14
2026-02-08 03:07,Sky Tower/42 piętro/panorama miasta/2 pokoje,15000,https://www.otodom.pl/pl/oferta/sky-tower-42-pietro-panorama-miasta-2-pokoje-ID4yMZ5,TAK,3000,10,2,"ul. Gwiaździsta, Wrocław",2012,miejskie,brak,brak,100,2026-02-14
2026-02-08 03:07,Quorum/Wysoki standard/Taras,6000,https://www.otodom.pl/pl/oferta/quorum-wysoki-standard-taras-ID4yO0t,TAK,1500,10,2,"ul. Parkowa, Wrocław",2024,miejskie,brak,brak,50,2026-02-14
2026-02-08 03:07,2 pokoje | Balkon | Garaż | Garderoba | Park,3300,https://www.otodom.pl/pl/oferta/2-pokoje-balkon-garaz-garderoba-park-ID4zkFQ,TAK,500,1,2,"al. gen. Józefa Hallera, Wrocław",2021,miejskie,brak,brak,43.79,2026-02-14
2026-02-08 03:08,3-pokojowy apartament na Starym Mieście 63m2,3600,https://www.otodom.pl/pl/oferta/3-pokojowy-apartament-na-starym-miescie-63m2-ID4zknz,NIE,930,5,3,Wrocław,2012,miejskie,brak,brak,63,2026-02-14
2026-02-09 04:21,Stylowe mieszkanie w kamienicy – Wrocław (Stare Miasto),3400,https://www.otodom.pl/pl/oferta/stylowe-mieszkanie-w-kamienicy-wroclaw-stare-miasto-ID4A0Rt,NIE,290,0,2,"ul. Podwale, Wrocław",brak,gazowe,4500,brak,57,2026-02-14
2026-02-09 04:43,"Nowoczesne 2-pokojowe mieszkanie z balkonem, 40m2 | Pierwszy najem",3000,https://www.otodom.pl/pl/oferta/nowoczesne-2-pokojowe-mieszkanie-z-balkonem-40m2-pierwszy-najem-ID4A0Ne,TAK,560,4,2,"ul. Braniborska, Wrocław",2025,miejskie,3000,brak,40,2026-02-14
2026-02-09 04:45,"Mieszkanie 3-pokojowe, Wrocław Muchobór Wielki",3200,https://www.otodom.pl/pl/oferta/mieszkanie-3-pokojowe-wroclaw-muchobor-wielki-ID4f2s7,NIE,830,1,3,"ul. Marka Hłaski, Wrocław",brak,miejskie,3500,brak,58,2026-02-14
2026-02-09 04:51,2 pokoje | Oporów | garaż | balkon | zieleń,2500,https://www.otodom.pl/pl/oferta/2-pokoje-oporow-garaz-balkon-zielen-ID4A0Jx,TAK,640,1,2,"ul. Jordanowska, Wrocław",2020,boiler_room,2500,brak,35.5,2026-02-14
2026-02-09 15:34,558671,2700,https://www.otodom.pl/pl/oferta/558671-ID4A1Rs,TAK,850,4,2,"al. Wiśniowa, Wrocław",brak,brak,4000,brak,40,2026-02-14
2026-02-09 15:36,ul.Oficerska 2-pok 60 m2 *Parking* Klima od zaraz *PARK AVENUE *,4150,https://www.otodom.pl/pl/oferta/ul-oficerska-2-pok-60-m2-parking-klima-od-zaraz-park-avenue-ID4A1OY,NIE,0,1,2,"ul. Oficerska, Wrocław",brak,miejskie,brak,brak,60,2026-02-14
2026-02-09 15:38,Mieszkanie Samo Centrum Wrocławia,4200,https://www.otodom.pl/pl/oferta/mieszkanie-samo-centrum-wroclawia-ID4A1L5,NIE,590,2,2,"pl. Solny, Wrocław",brak,brak,5000,brak,48,2026-02-14
2026-02-09 15:43,Studio Z Balkonem Przy Jesionowej,2100,https://www.otodom.pl/pl/oferta/studio-z-balkonem-przy-jesionowej-ID4A1Jo,TAK,650,7,1,"ul. Jesionowa, Wrocław",2016,miejskie,brak,brak,30,2026-02-14
2026-02-09 15:47,"Śliczna kawalerka, osiedle Na Ustroniu",2200,https://www.otodom.pl/pl/oferta/sliczna-kawalerka-osiedle-na-ustroniu-ID42vmd,TAK,590,2,2,Wrocław,2019,boiler_room,2200,brak,36,2026-02-14
2026-02-09 15:48,Kawalerka z balkonem | okolice ul. Pomorskiej,2350,https://www.otodom.pl/pl/oferta/kawalerka-z-balkonem-okolice-ul-pomorskiej-ID4qQys,NIE,500,5,1,"ul. Podwórcowa, Wrocław",2017,miejskie,brak,brak,29,2026-02-14
2026-02-09 15:52,2 pok. | Balkon | Garaż | Komórka | Pierwszy najem,3600,https://www.otodom.pl/pl/oferta/2-pok-balkon-garaz-komorka-pierwszy-najem-ID4A1Gr,TAK,0,1,2,"ul. Kazimierza Michalczyka, Wrocław",2025,miejskie,brak,brak,51,2026-02-14
2026-02-09 15:54,Przytulne 3-pok | Rynek - Galeria Dominikańska,3150,https://www.otodom.pl/pl/oferta/przytulne-3-pok-rynek-galeria-dominikanska-ID4A1Gh,TAK,0,7,3,"ul. Biskupia, Wrocław",brak,miejskie,brak,brak,55,2026-02-14
2026-02-09 16:05,3 pokoje w rozkładzie|Oporów|,3600,https://www.otodom.pl/pl/oferta/3-pokoje-w-rozkladzie-oporow-ID4A1F1,NIE,845,1,3,"ul. Wiejska, Wrocław",2017,brak,5500,brak,57.6,2026-02-14
2026-02-09 16:08,Do wynajęcie mieszkanie 2 pokojowe,2300,https://www.otodom.pl/pl/oferta/do-wynajecie-mieszkanie-2-pokojowe-ID4A1En,TAK,340,2,2,"ul. Przyjaźni, Wrocław",2007,miejskie,2300,brak,33,2026-02-14
2026-02-09 16:11,"Przy pl. Bema - 3 pokoje, balkon, klimatyzacja, po remoncie",3000,https://www.otodom.pl/pl/oferta/przy-pl-bema-3-pokoje-balkon-klimatyzacja-po-remoncie-ID4A1B0,TAK,1000,5,3,"ul. Jana Kilińskiego, Wrocław",1992,miejskie,4000,brak,45,2026-02-14
2026-02-09 16:17,"3 pokoje z balkonem, komórką i garażem - Krakowska",2600,https://www.otodom.pl/pl/oferta/3-pokoje-z-balkonem-komorka-i-garazem-krakowska-ID4A1z8,TAK,1200,3,3,"ul. Krakowska, Wrocław",2020,miejskie,brak,brak,52.75,2026-02-14
2026-02-09 16:29,Nowoczesne 2-pokojowe mieszkanie na ul. Łowieckiej,2799,https://www.otodom.pl/pl/oferta/nowoczesne-2-pokojowe-mieszkanie-na-ul-lowieckiej-ID4A1xd,NIE,550,5,2,"ul. Łowiecka, Wrocław",brak,brak,3000,brak,39,2026-02-14
2026-02-09 16:31,Studio Z Antresolą Przy Pereca,2400,https://www.otodom.pl/pl/oferta/studio-z-antresola-przy-pereca-ID4A1vV,TAK,350,0,1,"pl. Icchaka Lejba Pereca, Wrocław",1880,electrical,brak,brak,28,2026-02-14
2026-02-09 16:41,3-pok | 2-poziomowe | Balkon | Fashion Outlet,3199,https://www.otodom.pl/pl/oferta/3-pok-2-poziomowe-balkon-fashion-outlet-ID4A1sq,TAK,0,3,3,"ul. Marka Hłaski, Wrocław",2007,miejskie,brak,brak,60,2026-02-14
2026-02-09 16:43,Rozkładowe 2 pok. mieszkanie | Komórka i Parking 2,2500,https://www.otodom.pl/pl/oferta/rozkladowe-2-pok-mieszkanie-komorka-i-parking-2-ID4A1sl,NIE,0,5,2,"ul. Tęczowa, Wrocław",2009,miejskie,brak,brak,52,2026-02-14
2026-02-09 16:49,Nowoczesny apartament przy Rynku | 2-4 miesiące na,2800,https://www.otodom.pl/pl/oferta/nowoczesny-apartament-przy-rynku-2-4-miesiace-na-ID4A1si,TAK,0,2,2,"ul. Szewska, Wrocław",brak,miejskie,brak,brak,38,2026-02-14
2026-02-09 16:51,63 m²| 3 pokoje| Taras 12 m²| Klimatyzacja| Garaż| Krzyki – ul. Nyska,3900,https://www.otodom.pl/pl/oferta/63-m-3-pokoje-taras-12-m-klimatyzacja-garaz-krzyki-ul-nyska-ID4A1pJ,TAK,1100,5,3,"ul. Nyska, Wrocław",brak,miejskie,10000,brak,63,2026-02-14
2026-02-09 16:55,Piękny apartament z ogródkiem - Dożynkowa,3300,https://www.otodom.pl/pl/oferta/piekny-apartament-z-ogrodkiem-dozynkowa-ID4w53P,NIE,700,0,2,"ul. Dożynkowa, Wrocław",2021,miejskie,3000,brak,45,2026-02-14
2026-02-09 16:59,3-poojowy apartament pl. Jana Pawła II,4200,https://www.otodom.pl/pl/oferta/3-poojowy-apartament-pl-jana-pawla-ii-ID4A1p3,NIE,1080,4,3,Wrocław,2020,miejskie,brak,brak,59,2026-02-14
2026-02-09 17:20,"Do wynajęcia mieszkanie - Wrocław, ul. Na Szańcach 8 d m. 7",4500,https://www.otodom.pl/pl/oferta/do-wynajecia-mieszkanie-wroclaw-ul-na-szancach-8-d-m-7-ID4A1ku,NIE,2100,1,3,"ul. Na Szańcach, Wrocław",brak,miejskie,brak,brak,61,2026-02-14
2026-02-09 17:22,Angel River | Loftowa kawalerka | 32 m2,2600,https://www.otodom.pl/pl/oferta/angel-river-loftowa-kawalerka-32-m2-ID4A1jM,TAK,300,9,1,"ul. Walońska, Wrocław",2019,miejskie,3000,brak,25,2026-02-14
2026-02-09 17:27,"3 oddzielne pokoje, 65m2, ul. Mosiężna",2800,https://www.otodom.pl/pl/oferta/3-oddzielne-pokoje-65m2-ul-mosiezna-ID4A1fO,NIE,800,2,3,"ul. Mosiężna, Wrocław",2012,miejskie,2800,brak,65,2026-02-14
2026-02-11 09:21,Premium apartament z dużym balkonem,3900,https://www.otodom.pl/pl/oferta/premium-apartament-z-duzym-balkonem-ID4oM8s,NIE,1100,2,2,"ul. Walońska, Wrocław",2023,miejskie,5000,brak,45,2026-02-14
2026-02-11 11:15,"Przestronne i wygodne, 2 pok. w odnowionej kamiennicy przy Nadodrzu.",2800,https://www.otodom.pl/pl/oferta/przestronne-i-wygodne-2-pok-w-odnowionej-kamiennicy-przy-nadodrzu-ID4ypDU,NIE,350,2,2,"ul. św. Wincentego, Wrocław",1900,gazowe,3000,brak,42,2026-02-14
2026-02-11 11:24,"Dwa balkony, klimatyzacja, rolety",2600,https://www.otodom.pl/pl/oferta/dwa-balkony-klimatyzacja-rolety-ID4A2sF,NIE,1000,1,2,"ul. Strzegomska, Wrocław",2010,miejskie,3900,brak,55.6,2026-02-14
2026-02-11 11:26,Komfortowa kawalerka|Osobna kuchnia|Ogród|Parking,2300,https://www.otodom.pl/pl/oferta/komfortowa-kawalerka-osobna-kuchnia-ogrod-parking-ID4A2su,NIE,700,0,1,Wrocław,2017,miejskie,3000,brak,32,2026-02-14
2026-02-11 11:29,Mieszkanie 4 pokojowe | garaż | Oporów,3900,https://www.otodom.pl/pl/oferta/mieszkanie-4-pokojowe-garaz-oporow-ID4A2r0,TAK,800,2,4,"ul. Ibn Siny Awicenny, Wrocław",brak,miejskie,3900,brak,71,2026-02-14
2026-02-11 11:37,2 Pokoje | ul. Rumiankowa | Z Dużym Ogrodem i Garderobą,2800,https://www.otodom.pl/pl/oferta/2-pokoje-ul-rumiankowa-z-duzym-ogrodem-i-garderoba-ID4A1q5,NIE,900,0,2,"ul. Rumiankowa, Wrocław",brak,gazowe,3700,brak,53,2026-02-14
2026-02-11 11:39,Kawalerka w Centrum Wrocławia do WYNAJĘCIA,2200,https://www.otodom.pl/pl/oferta/kawalerka-w-centrum-wroclawia-do-wynajecia-ID4A2nN,NIE,300,3,1,Wrocław,1960,miejskie,brak,brak,20,2026-02-14
2026-02-11 11:47,Borek. Blisko Parku Południowego,2990,https://www.otodom.pl/pl/oferta/borek-blisko-parku-poludniowego-ID4A2kP,NIE,0,6,3,"pl. Powstańców Śląskich, Wrocław",1980,brak,4000,brak,50,2026-02-14
2026-02-11 11:51,Mieszkanie 2 pokojowe  PET FRIENDLY! Voucher 1200 zł!,2400,https://www.otodom.pl/pl/oferta/mieszkanie-2-pokojowe-pet-friendly-voucher-1200-zl-ID4yzrp,TAK,800,3,2,"ul. Buforowa, Wrocław",2022,miejskie,3800,brak,36,2026-02-14
2026-02-11 11:54,3 Pokojowe 68m2 | Zwycięska | Partynice |Od Zaraz,3800,https://www.otodom.pl/pl/oferta/3-pokojowe-68m2-zwycieska-partynice-od-zaraz-ID4A2iM,TAK,0,2,3,"ul. Zwycięska, Wrocław",brak,brak,brak,brak,68,2026-02-14
2026-02-11 11:56,super lokalizacja/kawalerka/osobna kuchnia/balkon,2500,https://www.otodom.pl/pl/oferta/super-lokalizacja-kawalerka-osobna-kuchnia-balkon-ID4A2hD,NIE,550,1,1,"ul. Jana Długosza, Wrocław",2006,miejskie,4000,brak,32,2026-02-14
2026-02-11 11:57,"Mieszkanie w okolicy Magnolii ul. Wejherowska 31m², parking, winda",1700,https://www.otodom.pl/pl/oferta/mieszkanie-w-okolicy-magnolii-ul-wejherowska-31m-parking-winda-ID4A2gC,TAK,400,2,1,"ul. Wejherowska, Wrocław",2011,miejskie,2100,brak,31,2026-02-14
2026-02-11 12:07,Mieszkanie 1 pokojowe do wynajęcia Jagodno ul. Drabika komfortowe nowe,2000,https://www.otodom.pl/pl/oferta/mieszkanie-1-pokojowe-do-wynajecia-jagodno-ul-drabika-komfortowe-nowe-ID4A2g0,NIE,480,2,1,Wrocław,2023,miejskie,brak,brak,28,2026-02-14
2026-02-11 12:11,Ołtaszyn | Garaż | Wysoki standard!,5300,https://www.otodom.pl/pl/oferta/oltaszyn-garaz-wysoki-standard-ID4A2d8,NIE,800,2,4,"ul. gen. Stanisława Maczka, Wrocław",2006,miejskie,8000,brak,114,2026-02-14
2026-02-11 12:16,"Rychtalska/Promenady Wrocławskie, umeblowana kawalerka z balkonem!",2300,https://www.otodom.pl/pl/oferta/rychtalska-promenady-wroclawskie-umeblowana-kawalerka-z-balkonem-ID4A27e,NIE,500,3,1,"ul. Rychtalska, Wrocław",2019,miejskie,2800,brak,25,2026-02-14
2026-02-11 12:20,Do wynajecia 2 pokoje z loggią na Popowicach,2400,https://www.otodom.pl/pl/oferta/do-wynajecia-2-pokoje-z-loggia-na-popowicach-ID4A24P,TAK,500,8,2,"ul. Bobrza, Wrocław",brak,miejskie,3000,brak,33,2026-02-14
2026-02-11 12:21,Przestronne 60 m² z klimatyzacją | Garaż |,4150,https://www.otodom.pl/pl/oferta/przestronne-60-m-z-klimatyzacja-garaz-ID4A23h,NIE,800,1,2,"ul. Oficerska, Wrocław",2012,miejskie,5150,brak,60,2026-02-14
2026-02-11 12:25,2 pokoje z balkonem – Krzyki|BEZPOŚREDNIO |dostępne od 1.03.2026,2800,https://www.otodom.pl/pl/oferta/2-pokoje-z-balkonem-krzyki-bezposrednio-dostepne-od-1-03-2026-ID4A21v,NIE,800,5,2,"ul. Żegiestowska, Wrocław",2016,miejskie,3000,brak,46,2026-02-14
2026-02-11 12:26,Mieszkanie na wynajem 3 pok| 2-balkony |Stabłowice,3250,https://www.otodom.pl/pl/oferta/mieszkanie-na-wynajem-3-pok-2-balkony-stablowice-ID4A1ZP,TAK,900,1,3,"Zawidowska, Wrocław",brak,brak,brak,brak,72,2026-02-14
2026-02-11 12:32,2pok. nowe bud. | ul. Zielna | 12min do Placu Grunwaldzkiego! parking,2400,https://www.otodom.pl/pl/oferta/2pok-nowe-bud-ul-zielna-12min-do-placu-grunwaldzkiego-parking-ID4A1Z6,TAK,525,1,2,"ul. Zielna, Wrocław",2006,miejskie,3100,brak,42,2026-02-14
2026-02-11 12:36,NOWY Apartament nad Rzeką! Pierwszy Najem! Od Zaraz!,5000,https://www.otodom.pl/pl/oferta/nowy-apartament-nad-rzeka-pierwszy-najem-od-zaraz-ID4A1VU,TAK,792,3,3,"ul. Kazimierza Michalczyka, Wrocław",2025,miejskie,5000,brak,70,2026-02-14
2026-02-11 12:43,PL | UA | RU Przytulne mieszkanie | 30 m2 | blisko centrum | od zaraz,2399,https://www.otodom.pl/pl/oferta/pl-ua-ru-przytulne-mieszkanie-30-m2-blisko-centrum-od-zaraz-ID4A1Wn,TAK,550,4,2,"ul. Stanisława Więckowskiego, Wrocław",brak,miejskie,3100,brak,30,2026-02-14
2026-02-11 12:47,od zaraz * 5 pokoi Dwupoziomowe Balkon Garaż *Klima*ul.GrotaRoweckiego,5700,https://www.otodom.pl/pl/oferta/od-zaraz-5-pokoi-dwupoziomowe-balkon-garaz-klimaul-grotaroweckiego-ID4A1UF,TAK,0,1,5,"ul. gen. Stefana Grota-Roweckiego, Wrocław",brak,gazowe,brak,brak,110,2026-02-14
2026-02-11 12:50,"Kawalerka na Krzykach, ogrodzony teren",2100,https://www.otodom.pl/pl/oferta/kawalerka-na-krzykach-ogrodzony-teren-ID4A1To,NIE,700,2,1,"ul. Skarbowców, Wrocław",2004,miejskie,brak,brak,30,2026-02-14
2026-02-11 12:52,Studio 35 m2 z balkonem/ Nadodrze / Żeromskiego,2200,https://www.otodom.pl/pl/oferta/studio-35-m2-z-balkonem-nadodrze-zeromskiego-ID4A1Sf,NIE,615,5,1,"ul. Stefana Żeromskiego, Wrocław",2000,miejskie,brak,brak,35,2026-02-14
