data_pobrania,tytul,cena,metraz,link
2026-02-08 08:36,"Mieszkanie 3 pokojowe dla 2/3/4 studentów, Ołbin, Śródmieście",2200,60,https://www.otodom.pl/pl/oferta/mieszkanie-3-pokojowe-dla-2-3-4-studentow-olbin-srodmiescie-ID2tLOM
2026-02-08 08:36,"Kawalerka z balkonem i siłownią, ul. Braniborska",2500,36.3,https://www.otodom.pl/pl/oferta/kawalerka-z-balkonem-i-silownia-ul-braniborska-ID4sLK1
2026-02-08 08:36,Idealne pod biuro | Garaż | Wojnów !,3100,65.41,https://www.otodom.pl/pl/oferta/idealne-pod-biuro-garaz-wojnow-ID4zW6H
2026-02-08 08:36,Opolska kawalerka z balkonem i m. postojowym,2000,30,https://www.otodom.pl/pl/oferta/opolska-kawalerka-z-balkonem-i-m-postojowym-ID4zUNb
2026-02-08 08:36,"Oryginalny Apartament , widok na Ostrów Tumski!",3200,62,https://www.otodom.pl/pl/oferta/oryginalny-apartament-widok-na-ostrow-tumski-ID4zxcl
2026-02-08 08:36,"Сдам 2 pok mieszkanie Centrum , Wrocław",2500,35,https://www.otodom.pl/pl/oferta/2-pok-mieszkanie-centrum-wroclaw-ID4zUFi
2026-02-08 08:37,2 pokoje + klima + garaż + widok - Legnicka 9 piętro | bez pośrednika,3250,41,https://www.otodom.pl/pl/oferta/2-pokoje-klima-garaz-widok-legnicka-9-pietro-bez-posrednika-ID4zIXj
2026-02-08 08:37,Wysoki standard-Garaż-Klimatyzacja-2Balkony,3100,63.5,https://www.otodom.pl/pl/oferta/wysoki-standard-garaz-klimatyzacja-2balkony-ID4zRb3
2026-02-08 08:37,"Apartament 55 m² w centrum Wrocławia | Balkon, parking, klimatyzacja",3600,55,https://www.otodom.pl/pl/oferta/apartament-55-m-w-centrum-wroclawia-balkon-parking-klimatyzacja-ID42mOj
2026-02-08 08:37,Nowoczesne 70 m² po remoncie | 1. piętro | Nowe AGD,3750,70,https://www.otodom.pl/pl/oferta/nowoczesne-70-m-po-remoncie-1-pietro-nowe-agd-ID4A0Fv
2026-02-08 08:37,Świetny stan mieszkania w świetnej lokalizacji,2950,19.4,https://www.otodom.pl/pl/oferta/swietny-stan-mieszkania-w-swietnej-lokalizacji-ID4zSdm
2026-02-08 08:37,Komfortowa kawalerka po remoncie blisko centrum,2150,25,https://www.otodom.pl/pl/oferta/komfortowa-kawalerka-po-remoncie-blisko-centrum-ID4A0DN
2026-02-08 08:38,PL | UA | RU Komfortowe 3 pokoje | osobna kuchnia | od zaraz,3600,78,https://www.otodom.pl/pl/oferta/pl-ua-ru-komfortowe-3-pokoje-osobna-kuchnia-od-zaraz-ID4A0D3
2026-02-08 08:38,Ciche mieszkanie przy wzgórzu Gajowym,3400,43,https://www.otodom.pl/pl/oferta/ciche-mieszkanie-przy-wzgorzu-gajowym-ID4zx4j
2026-02-08 08:38,Bez prowizji I Nowe I W centrum I Zwierzęta mile widziane,3151,64,https://www.otodom.pl/pl/oferta/bez-prowizji-i-nowe-i-w-centrum-i-zwierzeta-mile-widziane-ID4zoCt
2026-02-08 08:38,Wykończone mieszkanie 48m2 z garażem i klimatyzacją ul. Blizanowicka,3100,48,https://www.otodom.pl/pl/oferta/wykonczone-mieszkanie-48m2-z-garazem-i-klimatyzacja-ul-blizanowicka-ID4A0BZ
2026-02-08 08:38,"2 pokoje 37,3 m² + balkon | Awipolis, Oporów",3315,37.3,https://www.otodom.pl/pl/oferta/2-pokoje-37-3-m-balkon-awipolis-oporow-ID4A0C1
2026-02-08 08:38,2 oddzielne pokoje/ balkon/ Ferio Gaj,2400,45,https://www.otodom.pl/pl/oferta/2-oddzielne-pokoje-balkon-ferio-gaj-ID4zS3M
2026-02-08 08:39,"3 pokojowe, Powstańców Śląskich, parking pod blokiem",2950,60,https://www.otodom.pl/pl/oferta/3-pokojowe-powstancow-slaskich-parking-pod-blokiem-ID4z6vH
2026-02-08 08:39,Klimatyzowane mieszkanie 2 pok. z osobą kuchnią - Kamieńskiego Wrocław,3200,50,https://www.otodom.pl/pl/oferta/klimatyzowane-mieszkanie-2-pok-z-osoba-kuchnia-kamienskiego-wroclaw-ID4A0Bk
2026-02-08 08:39,"Zatorska, 2 pokoje, kuchnia, duży taras, parking",2600,50,https://www.otodom.pl/pl/oferta/zatorska-2-pokoje-kuchnia-duzy-taras-parking-ID4bHs8
2026-02-08 08:39,Nowoczesne 2-pokojowe mieszkanie z tarasem,3300,49,https://www.otodom.pl/pl/oferta/nowoczesne-2-pokojowe-mieszkanie-z-tarasem-ID4xR8g
2026-02-08 08:39,"Mieszkanie, 22 m², Wrocław",2300,22,https://www.otodom.pl/pl/oferta/mieszkanie-22-m-wroclaw-ID4A0AS
2026-02-08 08:39,"Mieszkanie przy Dworcu Głównym, osobna kuchnia",2500,37,https://www.otodom.pl/pl/oferta/mieszkanie-przy-dworcu-glownym-osobna-kuchnia-ID4hFmK
2026-02-08 08:40,OVO komfortowy apartament do wynajęcia,2700,30,https://www.otodom.pl/pl/oferta/ovo-komfortowy-apartament-do-wynajecia-ID4zn43
2026-02-08 08:40,2 pokoje | Pierwszy najem |Pet-friendly | Nowe budownictwo 2025,2700,43,https://www.otodom.pl/pl/oferta/2-pokoje-pierwszy-najem-pet-friendly-nowe-budownictwo-2025-ID4A0Ak
2026-02-08 08:40,"Bezpośrednio apartament 2 pok. z klimatyzacją, PixelHouse",3000,46,https://www.otodom.pl/pl/oferta/bezposrednio-apartament-2-pok-z-klimatyzacja-pixelhouse-ID3ZgTy
2026-02-08 08:40,Kawalerka przy Skytower z widokiem na miasto,1800,23,https://www.otodom.pl/pl/oferta/kawalerka-przy-skytower-z-widokiem-na-miasto-ID4yJHb
2026-02-08 08:40,"Przytulne mieszkanie w nowym budynku, wysoki standard",1800,24,https://www.otodom.pl/pl/oferta/przytulne-mieszkanie-w-nowym-budynku-wysoki-standard-ID4z4xU
2026-02-08 08:41,W pełni wyposażone 2 pokoje z garderobą,2600,48.5,https://www.otodom.pl/pl/oferta/w-pelni-wyposazone-2-pokoje-z-garderoba-ID4zRGn
2026-02-08 08:41,APARTAMENT  W  CENTRUM NAD ORDĄ- 2 pokoje + Miejsce parkingowe w cenie,3300,42,https://www.otodom.pl/pl/oferta/apartament-w-centrum-nad-orda-2-pokoje-miejsce-parkingowe-w-cenie-ID4A0y6
2026-02-08 08:41,2-pokoje - Białowieska 45A/10A - bez prowizji,2739,32.48,https://www.otodom.pl/pl/oferta/2-pokoje-bialowieska-45a-10a-bez-prowizji-ID4zZND
2026-02-08 08:41,"Wynajmę bezpośrednio od zaraz, 2 pok., taras, ogródek, garaż, komórka",3150,45.1,https://www.otodom.pl/pl/oferta/wynajme-bezposrednio-od-zaraz-2-pok-taras-ogrodek-garaz-komorka-ID4zS1W
2026-02-08 08:41,Przytulne rozkładowe ogrzewanie miejskie blisko Skarbowców,3900,82.5,https://www.otodom.pl/pl/oferta/przytulne-rozkladowe-ogrzewanie-miejskie-blisko-skarbowcow-ID4zEG2
2026-02-08 08:42,kawalerka - Brainborska 58/15 - bez prowizji,2618,31.03,https://www.otodom.pl/pl/oferta/kawalerka-brainborska-58-15-bez-prowizji-ID4zZ7B
2026-02-08 08:42,"Mieszkanie 3 pokojowe dla 2/3/4 studentów, Ołbin, Śródmieście",2200,60,https://www.otodom.pl/hpr/pl/oferta/mieszkanie-3-pokojowe-dla-2-3-4-studentow-olbin-srodmiescie-ID2tLOM
2026-02-08 08:42,"WROCŁAW CENTRUM, OVO, PODWALE, 2 ROOMS, Rent PLN 3,000, fees PLN 1,200",3000,43,https://www.otodom.pl/pl/oferta/wroclaw-centrum-ovo-podwale-2-rooms-rent-pln-3-000-fees-pln-1-200-ID4zByC
2026-02-08 08:42,Brak tytułu,0,85,https://www.otodom.pl/pl/oferta/nowe-mieszkania-na-wynajem-w-centrum-wroclawia-sprawdz-nasza-oferte-ID4yvKA
2026-02-08 08:43,OŁTASZYN – Wygodne mieszkanie,2700,36,https://www.otodom.pl/pl/oferta/oltaszyn-wygodne-mieszkanie-ID4zOcD
2026-02-08 08:43,2 Pok. 41m2|Magnolia |Popowice |Fabryczna |Wrocław,2500,41,https://www.otodom.pl/pl/oferta/2-pok-41m2-magnolia-popowice-fabryczna-wroclaw-ID4zUhe
2026-02-08 08:43,"Piękne,wysoki standardard,2 pok,aneks,balkon,winda",2800,37,https://www.otodom.pl/pl/oferta/piekne-wysoki-standardard-2-pok-aneks-balkon-winda-ID4zPql
2026-02-08 08:43,Piękne M3 - blisko autobus i tramwaj - ul. Krzycka,3200,61,https://www.otodom.pl/pl/oferta/piekne-m3-blisko-autobus-i-tramwaj-ul-krzycka-ID4A0u1
2026-02-08 08:43,Rymarska 2 pokoje/piwnica/garaż,2800,61,https://www.otodom.pl/pl/oferta/rymarska-2-pokoje-piwnica-garaz-ID4A0tD
2026-02-08 08:44,3-pokoje - Braniborska 60/10 - bez prowizji,3656,46.38,https://www.otodom.pl/pl/oferta/3-pokoje-braniborska-60-10-bez-prowizji-ID4zZwH
2026-02-08 08:44,"Park Kleciński - 2 pokoje, garaż, klimatyzacja, wysoki standard",3000,43,https://www.otodom.pl/pl/oferta/park-klecinski-2-pokoje-garaz-klimatyzacja-wysoki-standard-ID4A0t7
2026-02-08 08:44,Do wynajęcia dwupokojowe mieszkanie przy ul. Partynickiej,2500,40,https://www.otodom.pl/pl/oferta/do-wynajecia-dwupokojowe-mieszkanie-przy-ul-partynickiej-ID4A0sh
2026-02-08 08:44,Bez prowizji | Dmowskiego | 2 pokoje | parking,2900,46,https://www.otodom.pl/pl/oferta/bez-prowizji-dmowskiego-2-pokoje-parking-ID4zndz
2026-02-08 08:44,3 pokoje | Sikorskiego | parking | klimatyzacja,3999,60.16,https://www.otodom.pl/pl/oferta/3-pokoje-sikorskiego-parking-klimatyzacja-ID4u8if
2026-02-08 08:45,"2 pokoje, balkon, garaż, komórka, ul. Wańkowicza, blisko AOW, Factoria",2900,39,https://www.otodom.pl/pl/oferta/2-pokoje-balkon-garaz-komorka-ul-wankowicza-blisko-aow-factoria-ID4A0hy
2026-02-08 08:45,"Dwupoziomowe mieszkanie blisko CH Korona bez pośredników, niska kaucja",3950,74,https://www.otodom.pl/pl/oferta/dwupoziomowe-mieszkanie-blisko-ch-korona-bez-posrednikow-niska-kaucja-ID4A0rB
2026-02-08 08:45,3-pokoje - Białowieska 45B/50A - bez prowizji,4100,59.24,https://www.otodom.pl/pl/oferta/3-pokoje-bialowieska-45b-50a-bez-prowizji-ID4A04w
2026-02-08 08:45,Kawalerka świeżo po remoncie | Nadodrze | Rynek,2250,27,https://www.otodom.pl/pl/oferta/kawalerka-swiezo-po-remoncie-nadodrze-rynek-ID4zWHI
2026-02-08 08:45,2pok | Pierwszy najem | Internet w cenie | Parking,3000,37,https://www.otodom.pl/pl/oferta/2pok-pierwszy-najem-internet-w-cenie-parking-ID4A0rb
2026-02-08 08:45,Ekskluzywne 3 pokojowe | 74 m² | Krzyki–Partynice |,5700,74,https://www.otodom.pl/pl/oferta/ekskluzywne-3-pokojowe-74-m-krzykipartynice-ID4A0qj
2026-02-08 08:46,2-pokojowe | Balkon |Olimpia Port | Siłownia |Pet-friendly,2800,37,https://www.otodom.pl/pl/oferta/2-pokojowe-balkon-olimpia-port-silownia-pet-friendly-ID4zUnz
2026-02-08 08:46,Mieszkanie 50m2 Olimpia Port - Swojczyce,3000,50,https://www.otodom.pl/pl/oferta/mieszkanie-50m2-olimpia-port-swojczyce-ID3o8rS
2026-02-08 08:46,Świetna lokalizacja | funkcjonalny układ | klimatyzacja – Pets frie...,2800,39,https://www.otodom.pl/pl/oferta/swietna-lokalizacja-funkcjonalny-uklad-klimatyzacja-pets-frie-ID4A0pL
2026-02-08 08:46,Ulica Magellana ! Pełen Rozkład ! Super Wyposażone Umeblowane Okazja !,2800,46,https://www.otodom.pl/pl/oferta/ulica-magellana-pelen-rozklad-super-wyposazone-umeblowane-okazja-ID4zUh4
2026-02-08 08:46,Luksusowy apartament z ogromnym tarasem przy Rynku,13100,170,https://www.otodom.pl/pl/oferta/luksusowy-apartament-z-ogromnym-tarasem-przy-rynku-ID4yB1F
2026-02-08 08:46,od zaraz | Olimpia Port | Ostatnie piętro | Klima | Garaż | 0%,3290,47.67,https://www.otodom.pl/pl/oferta/od-zaraz-olimpia-port-ostatnie-pietro-klima-garaz-0-ID4zV4X
2026-02-08 08:47,"Mieszkanie 2-pokojowe, Legnicka Residence, Siłownia",2999,36.5,https://www.otodom.pl/pl/oferta/mieszkanie-2-pokojowe-legnicka-residence-silownia-ID4zUly
2026-02-08 08:47,3 pokoje | Zakładowa Promenady Wrocławskie | bezpośrednio,3600,51.06,https://www.otodom.pl/pl/oferta/3-pokoje-zakladowa-promenady-wroclawskie-bezposrednio-ID4A0oW
2026-02-08 08:47,Legnicka 33 - wygodna kawalerka dla Singla,2200,20.5,https://www.otodom.pl/pl/oferta/legnicka-33-wygodna-kawalerka-dla-singla-ID4zVbt
2026-02-08 08:47,PL | UA | RU | Komfortowe 2 pokoje z balkonem i klimatyzacją | Pets OK,2800,55,https://www.otodom.pl/pl/oferta/pl-ua-ru-komfortowe-2-pokoje-z-balkonem-i-klimatyzacja-pets-ok-ID4A0o6
2026-02-08 08:48,LOKUM DI TREVI - MIĘDZYLESKA - KOMFORTOWE Z BALKONEM,2700,45.4,https://www.otodom.pl/pl/oferta/lokum-di-trevi-miedzyleska-komfortowe-z-balkonem-ID4zIaR
2026-02-08 08:48,dwupoziomowe | klima | garaż | 96 m2 | Rezydencja Bartoszowice,5000,96,https://www.otodom.pl/pl/oferta/dwupoziomowe-klima-garaz-96-m2-rezydencja-bartoszowice-ID4zNS1
2026-02-08 08:48,Karłowice - 3 pokojowe mieszkanie do wynajęcia,3500,65,https://www.otodom.pl/pl/oferta/karlowice-3-pokojowe-mieszkanie-do-wynajecia-ID4zMUZ
2026-02-08 08:48,Kawalerka 32 m² | Balkon | Klimatyzacja | Pierwszy najem,2800,32,https://www.otodom.pl/pl/oferta/kawalerka-32-m-balkon-klimatyzacja-pierwszy-najem-ID4zFJa
2026-02-08 08:48,"WROCŁAW CENTRUM, OVO, PODWALE, 2 ROOMS, Rent PLN 3,000, fees PLN 1,200",3000,43,https://www.otodom.pl/hpr/pl/oferta/wroclaw-centrum-ovo-podwale-2-rooms-rent-pln-3-000-fees-pln-1-200-ID4zByC
2026-02-08 08:48,Brak tytułu,0,85,https://www.otodom.pl/pl/oferta/nowe-mieszkania-na-wynajem-w-centrum-wroclawia-sprawdz-nasza-oferte-ID4yvKA
2026-02-08 08:49,kawalerka - Białowieska 45A/27B - bez prowizji,2505,31.70,https://www.otodom.pl/pl/oferta/kawalerka-bialowieska-45a-27b-bez-prowizji-ID4A05a
2026-02-08 08:49,"Kzryki, Gaj, Ul. Żegiestowska, 2-Pok.,39m2,Ip.",2950,39,https://www.otodom.pl/pl/oferta/kzryki-gaj-ul-zegiestowska-2-pok-39m2-ip-ID4zKKV
2026-02-08 08:49,STABŁOWICE - MIESZKANIE 2 pokoje z ogródkiem,2900,47.13,https://www.otodom.pl/pl/oferta/stablowice-mieszkanie-2-pokoje-z-ogrodkiem-ID4cTJv
2026-02-08 08:49,Studio premium z aneksem |odnowiona kamienica XIX w. | bez prowizji,2950,26,https://www.otodom.pl/pl/oferta/studio-premium-z-aneksem-odnowiona-kamienica-xix-w-bez-prowizji-ID4zOq4
2026-02-08 08:49,Nowoczesne 2-pokojowe mieszkanie z balkonem,2850,39,https://www.otodom.pl/pl/oferta/nowoczesne-2-pokojowe-mieszkanie-z-balkonem-ID49Cvk
2026-02-08 08:50,2-pokoje Apartamentowiec 45m2 8min od rynku ul. Dmowskiego,2900,45.5,https://www.otodom.pl/pl/oferta/2-pokoje-apartamentowiec-45m2-8min-od-rynku-ul-dmowskiego-ID4w2QY
2026-02-08 08:50,Wynajmę Kawalerkę na ul. Hłaski,2100,34.5,https://www.otodom.pl/pl/oferta/wynajme-kawalerke-na-ul-hlaski-ID4lord
2026-02-08 08:50,"2-pokojowe mieszkanie, Ołbin, Jaracza.Bez prowizji",2300,33,https://www.otodom.pl/pl/oferta/2-pokojowe-mieszkanie-olbin-jaracza-bez-prowizji-ID4ba6Z
2026-02-08 08:50,"Piękne mieszkanie 60 m, 3 pok. ""Akacjowy Zakątek""",3650,60,https://www.otodom.pl/pl/oferta/piekne-mieszkanie-60-m-3-pok-akacjowy-zakatek-ID44Rx7
2026-02-08 08:50,2 pok. Olimpia Port,2700,43,https://www.otodom.pl/pl/oferta/2-pok-olimpia-port-ID4uJMB
2026-02-08 08:50,Dwupoziomowe mieszkanie | 4 pokoje | 2 tarasy | Centrum | Bezpośrednio,4680,75.26,https://www.otodom.pl/pl/oferta/dwupoziomowe-mieszkanie-4-pokoje-2-tarasy-centrum-bezposrednio-ID4zVNa
2026-02-08 08:50,Kawalerka z oddzielną kuchnią i balkonem | Okolice PKP | BEZ PROWIZJI,2370,33.12,https://www.otodom.pl/pl/oferta/kawalerka-z-oddzielna-kuchnia-i-balkonem-okolice-pkp-bez-prowizji-ID4zVM3
2026-02-08 08:51,Dwupoziomowe | 3 pok z balkonem | okolice PKP | bezpośrednio,3400,63.45,https://www.otodom.pl/pl/oferta/dwupoziomowe-3-pok-z-balkonem-okolice-pkp-bezposrednio-ID4zNXL
2026-02-08 08:51,Okazja. Dwupokojowe ul. Traugutta 50 m2 Czynsz w cenie wynajmu,3200,50,https://www.otodom.pl/pl/oferta/okazja-dwupokojowe-ul-traugutta-50-m2-czynsz-w-cenie-wynajmu-ID35gSc
2026-02-08 08:51,Nowoczesny apartament w centrum !,9900,90,https://www.otodom.pl/pl/oferta/nowoczesny-apartament-w-centrum-ID4xWgI
2026-02-08 08:51,"TĘCZOWA, 2 pokoje + osobna kuchnia, 45 m2, garaż, dostępne od zaraz",3250,45,https://www.otodom.pl/pl/oferta/teczowa-2-pokoje-osobna-kuchnia-45-m2-garaz-dostepne-od-zaraz-ID4zW42
2026-02-08 08:51,Mieszkanie 2-pokojowe z tarasem w Sercu Miasta,3200,55,https://www.otodom.pl/pl/oferta/mieszkanie-2-pokojowe-z-tarasem-w-sercu-miasta-ID4zp48
2026-02-08 08:51,7 piętro ! Legnicka 33 | klima | SmartTV49' | balkon | od marca,2890,42,https://www.otodom.pl/pl/oferta/7-pietro-legnicka-33-klima-smarttv49-balkon-od-marca-ID4zKxa
2026-02-08 08:52,Przytulne 2 pokojowe mieszkanie,1900,36,https://www.otodom.pl/pl/oferta/przytulne-2-pokojowe-mieszkanie-ID4zUxo
2026-02-08 08:52,"BEZ PROWIZJI Komfortowe, z tarasem (79.98m2) i komórką lokatorską",2600,48.7,https://www.otodom.pl/pl/oferta/bez-prowizji-komfortowe-z-tarasem-79-98m2-i-komorka-lokatorska-ID4zecl
2026-02-08 08:52,2- Pokoje/ Rozkład/Balkon,2500,50,https://www.otodom.pl/pl/oferta/2-pokoje-rozklad-balkon-ID4yPCx
2026-02-08 08:52,4-pokojowy  Apartament obok Ogrodu Botanicznego,6000,75,https://www.otodom.pl/pl/oferta/4-pokojowy-apartament-obok-ogrodu-botanicznego-ID4zdMt
2026-02-08 08:52,Mieszkanie 2-pokojowe + garaż i komórka w cenie,2500,49,https://www.otodom.pl/pl/oferta/mieszkanie-2-pokojowe-garaz-i-komorka-w-cenie-ID4zdEX
2026-02-08 08:52,"Сдам! 2 pok mieszkanie Krzyki , Wrocław",2600,50,https://www.otodom.pl/pl/oferta/2-pok-mieszkanie-krzyki-wroclaw-ID4zUb9
2026-02-08 08:53,Stylowe mieszkanie 1-pokojowe w Starym Mieście,1790,37,https://www.otodom.pl/pl/oferta/stylowe-mieszkanie-1-pokojowe-w-starym-miescie-ID4A0jD
2026-02-08 08:53,Rynek - ul. Ruska - 2-pokojowe z balkonem,2500,51,https://www.otodom.pl/pl/oferta/rynek-ul-ruska-2-pokojowe-z-balkonem-ID4A0ji
2026-02-08 08:53,3 pokoje/osobna kuchnia/64m2/balkon/ul. Sienkiewicza,3000,64,https://www.otodom.pl/pl/oferta/3-pokoje-osobna-kuchnia-64m2-balkon-ul-sienkiewicza-ID4zTIu
2026-02-08 08:53,Odświeżone/2 pokoje/osobna kuchnia/40m2/ ul. Świeradowska/Gaj,2400,40,https://www.otodom.pl/pl/oferta/odswiezone-2-pokoje-osobna-kuchnia-40m2-ul-swieradowska-gaj-ID4zfaD
2026-02-08 08:53,Kawalerka na Brochowie os. Parkowe,2300,39,https://www.otodom.pl/pl/oferta/kawalerka-na-brochowie-os-parkowe-ID4A0iY
2026-02-08 08:53,Apartament 3p. Jesionowa Innova 17piętro garderoba,4800,70,https://www.otodom.pl/pl/oferta/apartament-3p-jesionowa-innova-17pietro-garderoba-ID44olh
2026-02-08 08:54,"Mieszkanie, 39 m², Wrocław",2800,39,https://www.otodom.pl/pl/oferta/mieszkanie-39-m-wroclaw-ID4A0hg
2026-02-08 08:54,"Stylowe 60m2 przy Rynku, balkon, 2 pokoje i kuchnia, wolne od zaraz",3200,60,https://www.otodom.pl/pl/oferta/stylowe-60m2-przy-rynku-balkon-2-pokoje-i-kuchnia-wolne-od-zaraz-ID4z6Qk
2026-02-08 08:54,Brak tytułu,0,0,https://www.otodom.pl/hpr/undefined
2026-02-08 08:54,"Stylowe 60m2 przy Rynku, balkon, 2 pokoje i kuchnia, wolne od zaraz",3200,60,https://www.otodom.pl/pl/oferta/stylowe-60m2-przy-rynku-balkon-2-pokoje-i-kuchnia-wolne-od-zaraz-ID4z6Qk
2026-02-08 08:54,"śliczne, komfortowe - Magnolia Park - bezpośrednio",2200,27,https://www.otodom.pl/pl/oferta/sliczne-komfortowe-magnolia-park-bezposrednio-ID45vEc
2026-02-08 08:54,"Angel-2 pok,balkon, klimatyzacja, komórka lok-1.03",3300,45.45,https://www.otodom.pl/pl/oferta/angel-2-pok-balkon-klimatyzacja-komorka-lok-1-03-ID4A0fy
2026-02-08 08:55,Wrocław Stare-Miasto 2 pokojowe tuż przy Rynku,3100,50,https://www.otodom.pl/pl/oferta/wroclaw-stare-miasto-2-pokojowe-tuz-przy-rynku-ID4jlRn
2026-02-08 08:55,"Mieszkanie 2 pokojowe (50m2), wynajem, blisko Centrum",3400,50,https://www.otodom.pl/pl/oferta/mieszkanie-2-pokojowe-50m2-wynajem-blisko-centrum-ID4ucfW
2026-02-08 08:55,W ścisłym centrum I Bez prowizji I Dostępne od zaraz,2666,53,https://www.otodom.pl/pl/oferta/w-scislym-centrum-i-bez-prowizji-i-dostepne-od-zaraz-ID4zkjI
2026-02-08 08:55,2 pokoje/35m2/Wysoki standard/Nowe budownictwo,2399,35,https://www.otodom.pl/pl/oferta/2-pokoje-35m2-wysoki-standard-nowe-budownictwo-ID4A0f3
2026-02-08 08:55,Kawalerka bezp. od Właściciela 1800zl Nadodrz,2450,25,https://www.otodom.pl/pl/oferta/kawalerka-bezp-od-wlasciciela-1800zl-nadodrz-ID48zRl
2026-02-08 08:55,"Mieszkanie 70m2, 3 pokoje,  Poświętne-Kamieńskiego, winda, opcja garaż",3800,70,https://www.otodom.pl/pl/oferta/mieszkanie-70m2-3-pokoje-poswietne-kamienskiego-winda-opcja-garaz-ID4zRiD
2026-02-08 08:55,"3 pokoje po remoncie | Centrum Wrocławia | ul. Gwarna | 58,6 m²",4000,58.6,https://www.otodom.pl/pl/oferta/3-pokoje-po-remoncie-centrum-wroclawia-ul-gwarna-58-6-m-ID4A0cD
2026-02-08 08:56,"Mieszkanie dla seniorów (1 lub 2 osoby), wynajem długoterminowy",2900,43.2,https://www.otodom.pl/pl/oferta/mieszkanie-dla-seniorow-1-lub-2-osoby-wynajem-dlugoterminowy-ID4A0c5
2026-02-08 08:56,Angel City | 2 MP | Siłownia | Spa | Przy rzece,3999,57,https://www.otodom.pl/pl/oferta/angel-city-2-mp-silownia-spa-przy-rzece-ID4A0c4
2026-02-08 08:56,Mieszkanie na wynajem | 3 -pokoje | ul. Hubska,3150,56,https://www.otodom.pl/pl/oferta/mieszkanie-na-wynajem-3-pokoje-ul-hubska-ID4A0bQ
2026-02-08 08:56,Do wynajęcia mieszkanie 2-pokojowe – Krzyki,2500,40,https://www.otodom.pl/pl/oferta/do-wynajecia-mieszkanie-2-pokojowe-krzyki-ID4A09L
2026-02-08 08:56,2 pokoje z aneksem/40m2/balkon/ciepłe/blisko do centrum/ul. Spiżowa,2400,40.5,https://www.otodom.pl/pl/oferta/2-pokoje-z-aneksem-40m2-balkon-cieple-blisko-do-centrum-ul-spizowa-ID4zh0M
2026-02-08 08:57,2 Pokoje na Przedmieściu Oławskim | Osobny Garaż,2800,44,https://www.otodom.pl/pl/oferta/2-pokoje-na-przedmiesciu-olawskim-osobny-garaz-ID4zPVd
2026-02-08 08:57,Cicha i przytulna Kawalerka Nowe Osiedle,2000,27,https://www.otodom.pl/pl/oferta/cicha-i-przytulna-kawalerka-nowe-osiedle-ID4mVqp
2026-02-08 08:57,"Do wynajęcia jasna kawalerka na Jagodnie, ul. Drabika",2099,25,https://www.otodom.pl/pl/oferta/do-wynajecia-jasna-kawalerka-na-jagodnie-ul-drabika-ID4zz2l
2026-02-08 08:57,"Nowe 2-pokojowe mieszkanie 45 m² — Wrocław, Popowice",3300,45,https://www.otodom.pl/pl/oferta/nowe-2-pokojowe-mieszkanie-45-m-wroclaw-popowice-ID4zz1H
2026-02-08 08:57,Ołtaszyn- przestronne mieszkanie do wynajęcia,3500,68,https://www.otodom.pl/pl/oferta/oltaszyn-przestronne-mieszkanie-do-wynajecia-ID4dkAk
2026-02-08 08:57,Nowoczesny Apartament 3-pok. KRZYKI ul. Przyjaźni od 1 Marca 2026,7900,88,https://www.otodom.pl/pl/oferta/nowoczesny-apartament-3-pok-krzyki-ul-przyjazni-od-1-marca-2026-ID4zNsq
2026-02-08 08:58,Konfortowe 2-pokojowe mieszkanie do wynajęcia,3820,45,https://www.otodom.pl/pl/oferta/konfortowe-2-pokojowe-mieszkanie-do-wynajecia-ID4A06O
2026-02-08 08:58,Przestronne 3 pok.70 m² |Antresola |Garaż w cenie!,3250,70,https://www.otodom.pl/pl/oferta/przestronne-3-pok-70-m-antresola-garaz-w-cenie-ID4A06P
2026-02-08 08:58,nowy apartament os. Małe Wilczyce Wrocław,5500,104,https://www.otodom.pl/pl/oferta/nowy-apartament-os-male-wilczyce-wroclaw-ID4k1Rn
2026-02-08 08:58,2 Pokoje/Planty Racławickie/wysoki standard,2900,45,https://www.otodom.pl/pl/oferta/2-pokoje-planty-raclawickie-wysoki-standard-ID4A05F
2026-02-08 08:58,3-POKOJOWY KLIMATYZOWANY APARTAMENT W PRESTIŻOWEJ INWESTYCJI QUORUM,4300,60,https://www.otodom.pl/pl/oferta/3-pokojowy-klimatyzowany-apartament-w-prestizowej-inwestycji-quorum-ID4A05y
2026-02-08 08:58,Nowoczesne studio na Pilczycach,2200,22,https://www.otodom.pl/pl/oferta/nowoczesne-studio-na-pilczycach-ID4A059
2026-02-08 08:59,Exclusive Apartment in Villa,22000,125,https://www.otodom.pl/pl/oferta/exclusive-apartment-in-villa-ID4vBvY
2026-02-08 08:59,2-pokoje - Białowieska 116/32A - bez prowizji,2857,38.30,https://www.otodom.pl/pl/oferta/2-pokoje-bialowieska-116-32a-bez-prowizji-ID4A053
2026-02-08 08:59,Mieszkanie Z Antresolą - Strachowice - Lotnisko,2200,32,https://www.otodom.pl/pl/oferta/mieszkanie-z-antresola-strachowice-lotnisko-ID4yvvE
2026-02-08 08:59,Mieszkanie 2-pok I Centrum I  ul. Braniborska,2900,35,https://www.otodom.pl/pl/oferta/mieszkanie-2-pok-i-centrum-i-ul-braniborska-ID4zCN6
2026-02-08 08:59,"Nowowiejska, bezpośrednio, ogrzew. miejskie, od zaraz, osobna kuchnia",2100,32,https://www.otodom.pl/pl/oferta/nowowiejska-bezposrednio-ogrzew-miejskie-od-zaraz-osobna-kuchnia-ID4n3Ll
2026-02-08 08:59,2-pokoje - A. Kopycińskiego 9/7A - bez prowizji,2780,45.92,https://www.otodom.pl/pl/oferta/2-pokoje-a-kopycinskiego-9-7a-bez-prowizji-ID4A04o
2026-02-08 09:00,Przestronne 3 pok| PetsFriendly | Bez prowizji | Promenady Wrocławskie,3290,51.61,https://www.otodom.pl/pl/oferta/przestronne-3-pok-petsfriendly-bez-prowizji-promenady-wroclawskie-ID4zV7r
2026-02-08 09:00,Kawalerka w Centrum 5 minut do Rynku !! BEZ PROWIZJI !! ul. Dobra,2400,25,https://www.otodom.pl/pl/oferta/kawalerka-w-centrum-5-minut-do-rynku-bez-prowizji-ul-dobra-ID4zZZ1
2026-02-08 09:00,"Stylowe 60m2 przy Rynku, balkon, 2 pokoje i kuchnia, wolne od zaraz",3200,60,https://www.otodom.pl/hpr/pl/oferta/stylowe-60m2-przy-rynku-balkon-2-pokoje-i-kuchnia-wolne-od-zaraz-ID4z6Qk
2026-02-08 09:00,Kawalerka w Centrum 5 minut do Rynku !! BEZ PROWIZJI !! ul. Dobra,2400,25,https://www.otodom.pl/pl/oferta/kawalerka-w-centrum-5-minut-do-rynku-bez-prowizji-ul-dobra-ID4zZZ1
2026-02-08 09:00,2 pokoje | PetsFriendly | Balkon | Przy Odrze | Kleczków | Od zaraz!,2690,38.96,https://www.otodom.pl/pl/oferta/2-pokoje-petsfriendly-balkon-przy-odrze-kleczkow-od-zaraz-ID4zZZY
2026-02-08 09:01,2 pokoje - balkon/klima/internet/garaż -ZWYCIĘSKA 3- BEZ PROWIZJI!,2900,39,https://www.otodom.pl/pl/oferta/2-pokoje-balkon-klima-internet-garaz-zwycieska-3-bez-prowizji-ID4zSui
2026-02-08 09:01,Mieszkanie dwupokojowe - klima/balkon/garaż - Zwycięska 3 BEZ PROWIZJI,2900,38,https://www.otodom.pl/pl/oferta/mieszkanie-dwupokojowe-klima-balkon-garaz-zwycieska-3-bez-prowizji-ID4zT8L
2026-02-08 09:01,Studio obok Galerii Dominikańskiej - budynek OVO,2250,27,https://www.otodom.pl/pl/oferta/studio-obok-galerii-dominikanskiej-budynek-ovo-ID4zTfo
2026-02-08 09:01,MAGNOLIA - ul. Legnicka 60c - kawalerka 16 m2,2120,16.3,https://www.otodom.pl/pl/oferta/magnolia-ul-legnicka-60c-kawalerka-16-m2-ID4zVUM
2026-02-08 09:01,Magnolia - kawalerka - PETS FRIENDLY,2280,18,https://www.otodom.pl/pl/oferta/magnolia-kawalerka-pets-friendly-ID4zVVd
2026-02-08 09:01,BLISKO CENTRUM! Nowoczesne 2-pokojowe mieszkanie - ul. Na Grobli,2900,45,https://www.otodom.pl/pl/oferta/blisko-centrum-nowoczesne-2-pokojowe-mieszkanie-ul-na-grobli-ID4zY9h
2026-02-08 09:01,BLISKO CENTRUM - kawalerka przy ul. Na Grobli,2175,25,https://www.otodom.pl/pl/oferta/blisko-centrum-kawalerka-przy-ul-na-grobli-ID4zY9z
2026-02-08 09:02,2 pokoje - balkon/klima/internet/garaż -ZWYCIĘSKA 3- BEZ PROWIZJI!,3100,48,https://www.otodom.pl/pl/oferta/2-pokoje-balkon-klima-internet-garaz-zwycieska-3-bez-prowizji-ID4zYxF
2026-02-08 09:02,Apartament 3-pokojowy na Kępie Mieszczańskiej| PetFriendly| od 16.02,4000,55,https://www.otodom.pl/pl/oferta/apartament-3-pokojowy-na-kepie-mieszczanskiej-petfriendly-od-16-02-ID4zOqv
2026-02-08 09:02,"Do wynajęcia | 58 m² | 3 pok. | Ołtaszyn, ul. Łubinowa | klimatyzacja",3500,58,https://www.otodom.pl/pl/oferta/do-wynajecia-58-m-3-pok-oltaszyn-ul-lubinowa-klimatyzacja-ID4zZYn
2026-02-08 09:02,Nowoczesne 3-pokojowe mieszkanie | 52 m²,4200,52,https://www.otodom.pl/pl/oferta/nowoczesne-3-pokojowe-mieszkanie-52-m-ID4vcw5
2026-02-08 09:02,Bilard & taras✩Centrum✩Drugi najem✩ENG,3099,36.5,https://www.otodom.pl/pl/oferta/bilard-tarascentrumdrugi-najemeng-ID4zZXo
2026-02-08 09:02,"3-pok. mieszkanie po g.remoncie – Wrocław, Księże Małe, ul. Katowicka",2600,47.63,https://www.otodom.pl/pl/oferta/3-pok-mieszkanie-po-g-remoncie-wroclaw-ksieze-male-ul-katowicka-ID4zZX7
2026-02-08 09:03,"Ciche przy Legnickiej osobna kuchnia 2 pokojowe, obok CH Magnolia",2800,53,https://www.otodom.pl/pl/oferta/ciche-przy-legnickiej-osobna-kuchnia-2-pokojowe-obok-ch-magnolia-ID4zNzp
2026-02-08 09:03,"Hłaski - cicha okolica, balkon",2200,32,https://www.otodom.pl/pl/oferta/hlaski-cicha-okolica-balkon-ID4zZX4
2026-02-08 09:03,"~ Studio wysoki standard w top lokalizacji – WiFi, Ochrona, Komfort!",2000,16,https://www.otodom.pl/pl/oferta/studio-wysoki-standard-w-top-lokalizacji-wifi-ochrona-komfort-ID4zS21
2026-02-08 09:03,No commission | 1-bedroom with dressing room,3500,51.55,https://www.otodom.pl/pl/oferta/no-commission-1-bedroom-with-dressing-room-ID4yLEO
2026-02-08 09:03,Komfortowe 3-pokoje z balkonem! | Szczepin,3580,56.85,https://www.otodom.pl/pl/oferta/komfortowe-3-pokoje-z-balkonem-szczepin-ID4yLFR
2026-02-08 09:04,kawalera z osobną kuchnią,3000,45,https://www.otodom.pl/pl/oferta/kawalera-z-osobna-kuchnia-ID4zZVK
2026-02-08 09:04,34m2 | apartam| balkon | niski czynsz | klima,2400,34,https://www.otodom.pl/pl/oferta/34m2-apartam-balkon-niski-czynsz-klima-ID4zZV7
2026-02-08 09:04,Ulica Magellana ! Pełen Rozkład ! Super Wyposażone Umeblowane Okazja !,2800,50,https://www.otodom.pl/pl/oferta/ulica-magellana-pelen-rozklad-super-wyposazone-umeblowane-okazja-ID4zZWF
2026-02-08 09:04,"Apartament w ścisłym CENTRUM miasta, PIERWSZY NAJEM, ul. Krawiecka",2300,35,https://www.otodom.pl/pl/oferta/apartament-w-scislym-centrum-miasta-pierwszy-najem-ul-krawiecka-ID4zZTu
2026-02-08 09:04,"Pachnące nowością 2 pokoje z balkonem, ciche",2400,36.89,https://www.otodom.pl/pl/oferta/pachnace-nowoscia-2-pokoje-z-balkonem-ciche-ID4zZW9
2026-02-08 09:04,"3 pokoje+ antresola, oddzielna kuchnia, Ołtaszyn",3300,85,https://www.otodom.pl/pl/oferta/3-pokoje-antresola-oddzielna-kuchnia-oltaszyn-ID4mwEl
2026-02-08 09:05,Wygodne 2 pokoje i oddzielna kuchnia.,2200,54.33,https://www.otodom.pl/pl/oferta/wygodne-2-pokoje-i-oddzielna-kuchnia-ID4p7yp
2026-02-08 09:05,"Wygodna kawalerka, ul. Sołtysowicka/Koszarowa",1800,20,https://www.otodom.pl/pl/oferta/wygodna-kawalerka-ul-soltysowicka-koszarowa-ID4rOyV
2026-02-08 09:05,✅4pok✅2xParking✅Balkon✅Cisza✅Spokój✅2łazienki✅,5600,101,https://www.otodom.pl/pl/oferta/4pok2xparkingbalkonciszaspokoj2lazienki-ID4zZSZ
2026-02-08 09:05,Komfortowe 3 pokoje z balkonem i klimatyzacją,3200,64.23,https://www.otodom.pl/pl/oferta/komfortowe-3-pokoje-z-balkonem-i-klimatyzacja-ID4zxof
2026-02-08 09:05,Przy Odrze • Taras 20 m² • ul. Zakładowa • 57 m²,3000,20,https://www.otodom.pl/pl/oferta/przy-odrze-taras-20-m-ul-zakladowa-57-m-ID4zPEV
2026-02-08 09:06,"Popowice,  2 pokoje z osobną kuchnią i balkonem",2500,42,https://www.otodom.pl/pl/oferta/popowice-2-pokoje-z-osobna-kuchnia-i-balkonem-ID4zPFp
2026-02-08 09:06,Semaforowa - 2 pokoje z balkonem i m. postojowym,2500,52.4,https://www.otodom.pl/pl/oferta/semaforowa-2-pokoje-z-balkonem-i-m-postojowym-ID4zSrZ
2026-02-08 09:06,3 pok I klimatyzacja I piwnica I balkony I ul. Przyjaźni I krzyki,3400,73,https://www.otodom.pl/pl/oferta/3-pok-i-klimatyzacja-i-piwnica-i-balkony-i-ul-przyjazni-i-krzyki-ID4zGRv
2026-02-08 09:06,Krzyki ul.Boczna - rozkładowe 2 pokoje z balkonem,2800,55.4,https://www.otodom.pl/pl/oferta/krzyki-ul-boczna-rozkladowe-2-pokoje-z-balkonem-ID4zVcA
2026-02-08 09:06,Kawalerka w Centrum 5 minut do Rynku !! BEZ PROWIZJI !! ul. Dobra,2400,25,https://www.otodom.pl/hpr/pl/oferta/kawalerka-w-centrum-5-minut-do-rynku-bez-prowizji-ul-dobra-ID4zZZ1
2026-02-08 09:07,Komfortowe 3 pokoje z balkonem i klimatyzacją,3200,64.23,https://www.otodom.pl/pl/oferta/komfortowe-3-pokoje-z-balkonem-i-klimatyzacja-ID4zxof
2026-02-08 09:07,Przy Odrze • Taras 20 m² • ul. Zakładowa • 57 m²,3000,20,https://www.otodom.pl/pl/oferta/przy-odrze-taras-20-m-ul-zakladowa-57-m-ID4zPEV
2026-02-08 09:07,"Popowice,  2 pokoje z osobną kuchnią i balkonem",2500,42,https://www.otodom.pl/pl/oferta/popowice-2-pokoje-z-osobna-kuchnia-i-balkonem-ID4zPFp
2026-02-08 09:07,Semaforowa - 2 pokoje z balkonem i m. postojowym,2500,52.4,https://www.otodom.pl/pl/oferta/semaforowa-2-pokoje-z-balkonem-i-m-postojowym-ID4zSrZ
2026-02-08 09:07,3 pok I klimatyzacja I piwnica I balkony I ul. Przyjaźni I krzyki,3400,73,https://www.otodom.pl/pl/oferta/3-pok-i-klimatyzacja-i-piwnica-i-balkony-i-ul-przyjazni-i-krzyki-ID4zGRv
2026-02-08 09:08,Krzyki ul.Boczna - rozkładowe 2 pokoje z balkonem,2800,55.4,https://www.otodom.pl/pl/oferta/krzyki-ul-boczna-rozkladowe-2-pokoje-z-balkonem-ID4zVcA
2026-02-08 09:08,Ołbin Św. Wincentego - 2 pokoje w Kamienicy,2500,54,https://www.otodom.pl/pl/oferta/olbin-sw-wincentego-2-pokoje-w-kamienicy-ID4zXEL
2026-02-08 09:08,Jagodno - 2 pokoje z oddzielna kuchnią i balkonem,2650,42.86,https://www.otodom.pl/pl/oferta/jagodno-2-pokoje-z-oddzielna-kuchnia-i-balkonem-ID4zZOZ
2026-02-08 09:08,"ZAKŁADOWA, 51 m2, 2 pokoje + kuchnia osobno, klimatyzacja 2x",3300,51,https://www.otodom.pl/pl/oferta/zakladowa-51-m2-2-pokoje-kuchnia-osobno-klimatyzacja-2x-ID4zJgS
2026-02-08 09:08,3-pokojowe - Dostępne od zaraz - Pets Friendly - Bez prowizji,3600,48.8,https://www.otodom.pl/pl/oferta/3-pokojowe-dostepne-od-zaraz-pets-friendly-bez-prowizji-ID4zZOo
2026-02-08 09:08,"Blisko Rynku, wysoki standard, 2 pokoje, garaż - Księcia Witolda",3500,36,https://www.otodom.pl/pl/oferta/blisko-rynku-wysoki-standard-2-pokoje-garaz-ksiecia-witolda-ID4zEu5
2026-02-08 09:09,Wyjątkowy Luksusowy 2-pokojowy apartament 55m2 w Rezydencji Piasek,4000,55,https://www.otodom.pl/pl/oferta/wyjatkowy-luksusowy-2-pokojowy-apartament-55m2-w-rezydencji-piasek-ID4zk7Y
2026-02-08 09:09,PL/UA Rozkładowe Mieszkanie 70 m | Pets Friendly | Garderoba | Garaż,3350,70,https://www.otodom.pl/pl/oferta/pl-ua-rozkladowe-mieszkanie-70-m-pets-friendly-garderoba-garaz-ID4zZNQ
2026-02-08 09:09,"Jana Pawła II, PIERWSZY NAJEM, 40 m2, 2 pokoje, klima, garaż, LOFT!",3800,40,https://www.otodom.pl/pl/oferta/jana-pawla-ii-pierwszy-najem-40-m2-2-pokoje-klima-garaz-loft-ID4zJgB
2026-02-08 09:09,"2 pokoje z osobną kuchnią - ul. Bajana, 50m2",2600,49.6,https://www.otodom.pl/pl/oferta/2-pokoje-z-osobna-kuchnia-ul-bajana-50m2-ID4zZL5
2026-02-08 09:09,"Olimpia Port/  Vespucciego/ 3 pokoje, balkon, garaż, zieleń",3600,54.86,https://www.otodom.pl/pl/oferta/olimpia-port-vespucciego-3-pokoje-balkon-garaz-zielen-ID4zGo7
2026-02-08 09:10,"2-pokojowe mieszkanie – Gaj, 3500 zł z opłatami",2700,45,https://www.otodom.pl/pl/oferta/2-pokojowe-mieszkanie-gaj-3500-zl-z-oplatami-ID4zZKH
2026-02-08 09:10,"Mieszkanie na wynajem, Wrocław, 2 pokoje",2600,55,https://www.otodom.pl/pl/oferta/mieszkanie-na-wynajem-wroclaw-2-pokoje-ID4zZKw
2026-02-08 09:10,"Mieszkanie na wynajem, Wrocław, 1 pokój",2400,31,https://www.otodom.pl/pl/oferta/mieszkanie-na-wynajem-wroclaw-1-pokoj-ID4zZKu
2026-02-08 09:10,3-pokojowe - Dostępne od zaraz - Pets Friendly - Bez prowizji,3600,49,https://www.otodom.pl/pl/oferta/3-pokojowe-dostepne-od-zaraz-pets-friendly-bez-prowizji-ID4zR87
2026-02-08 09:11,Nowoczesny apartament w centrum ul.Księcia Witolda,2790,34,https://www.otodom.pl/pl/oferta/nowoczesny-apartament-w-centrum-ul-ksiecia-witolda-ID4zRWQ
2026-02-08 09:11,"Karłowice,3pokoje+kuchnia,dwustronne,67m2,balkon,klima,2007,AGD+meble!",2900,67.01,https://www.otodom.pl/pl/oferta/karlowice-3pokoje-kuchnia-dwustronne-67m2-balkon-klima-2007-agd-meble-ID4zZIO
2026-02-08 09:11,Apartament Justin Center / 2 pokoje/ m. postojowe w garażu podziemnym,2700,61.1,https://www.otodom.pl/pl/oferta/apartament-justin-center-2-pokoje-m-postojowe-w-garazu-podziemnym-ID4zZID
2026-02-08 09:11,Jasne | Rozkładowe | Loggia | Osobna kuchnia,2799,46,https://www.otodom.pl/pl/oferta/jasne-rozkladowe-loggia-osobna-kuchnia-ID4zZHp
2026-02-08 09:11,Dwupoziomowe | Garaż | Klimatyzacja | Duży taras,4999,124.5,https://www.otodom.pl/pl/oferta/dwupoziomowe-garaz-klimatyzacja-duzy-taras-ID4zZHk
2026-02-08 09:11,Kępa Mieszczańska-Garaż-Balkon,3200,40,https://www.otodom.pl/pl/oferta/kepa-mieszczanska-garaz-balkon-ID4zZHn
2026-02-08 09:12,Jasne |Przytulne | Otwarta przestrzeń,1999,60,https://www.otodom.pl/pl/oferta/jasne-przytulne-otwarta-przestrzen-ID4zZHi
2026-02-08 09:12,Przestronne i jasne | 3 pokoje | Plac Grunwaldzki,3490,70,https://www.otodom.pl/pl/oferta/przestronne-i-jasne-3-pokoje-plac-grunwaldzki-ID4zZHl
2026-02-08 09:12,Luksusowy loft w sercu Wrocławia – 3 pokoje | 65m²,5499,65,https://www.otodom.pl/pl/oferta/luksusowy-loft-w-sercu-wroclawia-3-pokoje-65m-ID4zZHm
2026-02-08 09:12,Krzyki – Klecina | zadbane i funkcjonalne | balkon | internet w cenie,1900,37,https://www.otodom.pl/pl/oferta/krzyki-klecina-zadbane-i-funkcjonalne-balkon-internet-w-cenie-ID4zZFA
2026-02-08 09:12,Bez prowizji! 2-pokojowe mieszkanie z garderobą,3500,51.55,https://www.otodom.pl/pl/oferta/bez-prowizji-2-pokojowe-mieszkanie-z-garderoba-ID4yLF1
2026-02-08 09:13,Bez prowizji! Przestronne 3 pokoje tuż nad Odrą,3620,55.3,https://www.otodom.pl/pl/oferta/bez-prowizji-przestronne-3-pokoje-tuz-nad-odra-ID4yLD9
2026-02-08 09:13,~Minimalizm i Komfort – Przytulna Kawalerka w Centrum Wifi w cenie,2350,19,https://www.otodom.pl/pl/oferta/minimalizm-i-komfort-przytulna-kawalerka-w-centrum-wifi-w-cenie-ID4zLFm
2026-02-08 09:13,"Przy rynku, balkon, klimatyzacja,47,70m2",2800,47.7,https://www.otodom.pl/pl/oferta/przy-rynku-balkon-klimatyzacja-47-70m2-ID4zZF9
2026-02-08 09:13,kawalerka 18 m2 | MAGNOLIA | ul. Legnicka 60c,2280,18.7,https://www.otodom.pl/pl/oferta/kawalerka-18-m2-magnolia-ul-legnicka-60c-ID4zN0U
2026-02-08 09:13,2 Pokoje | Bez Prowizji | Pets Friendly | Grabiszyńska,2590,34,https://www.otodom.pl/pl/oferta/2-pokoje-bez-prowizji-pets-friendly-grabiszynska-ID4zVy8
2026-02-08 09:14,Komfortowe 3 pokoje z balkonem i klimatyzacją,3200,64.23,https://www.otodom.pl/hpr/pl/oferta/komfortowe-3-pokoje-z-balkonem-i-klimatyzacja-ID4zxof
2026-02-08 09:14,4-pokojowe mieszkanie Balkon+Piwnica-Strzegomska,4100,65,https://www.otodom.pl/pl/oferta/4-pokojowe-mieszkanie-balkon-piwnica-strzegomska-ID4zWiM
2026-02-08 09:14,Kawalerka | Ogród | Parking | Winda | Borowska,1950,31,https://www.otodom.pl/pl/oferta/kawalerka-ogrod-parking-winda-borowska-ID4zMzD
2026-02-08 09:14,Mieszkanie 3 pokojowe 70 m2 z ogrodem| Grabiszyn,4000,69,https://www.otodom.pl/pl/oferta/mieszkanie-3-pokojowe-70-m2-z-ogrodem-grabiszyn-ID4zZyl
2026-02-08 09:14,"Duża kawalerka – centrum miasta, tuż przy rzece",2500,30,https://www.otodom.pl/pl/oferta/duza-kawalerka-centrum-miasta-tuz-przy-rzece-ID4zZyk
2026-02-08 09:15,~Przestronna kawalerka premium w sercu miasta/ Cowork&Wifi included,2850,28.79,https://www.otodom.pl/pl/oferta/przestronna-kawalerka-premium-w-sercu-miasta-cowork-wifi-included-ID4zZkb
2026-02-08 09:15,"Mieszkanie, 58 m², Wrocław",3200,58,https://www.otodom.pl/pl/oferta/mieszkanie-58-m-wroclaw-ID4zZxL
2026-02-08 09:15,Nowoczesne trzypokojowe mieszkanie - OLIMPIA PORT!,6000,85.55,https://www.otodom.pl/pl/oferta/nowoczesne-trzypokojowe-mieszkanie-olimpia-port-ID4zZxt
2026-02-08 09:15,Nowe mieszkanie 2 pok. 45m² | Port Popowice,3100,45,https://www.otodom.pl/pl/oferta/nowe-mieszkanie-2-pok-45m-port-popowice-ID4zNdW
2026-02-08 09:15,Wrocław Nowy Apartament mieszkanie FV Parking,2499,21,https://www.otodom.pl/pl/oferta/wroclaw-nowy-apartament-mieszkanie-fv-parking-ID4rOre
2026-02-08 09:16,"Kawalerka po remoncie przy nowym dworze 1600,czynsz 100 zł,0% prowizji",1600,22,https://www.otodom.pl/pl/oferta/kawalerka-po-remoncie-przy-nowym-dworze-1600-czynsz-100-zl-0-prowizji-ID48cdi
2026-02-08 09:16,"nowoczesne 3 pokojowe mieszkanie, duży ogród, garaż",5100,71,https://www.otodom.pl/pl/oferta/nowoczesne-3-pokojowe-mieszkanie-duzy-ogrod-garaz-ID4zZvM
2026-02-08 09:16,Mieszkanie po remoncie w pełni umeblowane Sycowska,2800,46.8,https://www.otodom.pl/pl/oferta/mieszkanie-po-remoncie-w-pelni-umeblowane-sycowska-ID4zyIB
2026-02-08 09:16,2-pok | Borek | Al. Wiśniowa | od marca,2699,41,https://www.otodom.pl/pl/oferta/2-pok-borek-al-wisniowa-od-marca-ID4zZve
2026-02-08 09:16,"apartament Angel City, SPA i FITNESS w cenie",2500,29,https://www.otodom.pl/pl/oferta/apartament-angel-city-spa-i-fitness-w-cenie-ID4zDNz
2026-02-08 09:17,2 pokoje / Drzewieckiego / Garaż / Bez prowizji,2700,50,https://www.otodom.pl/pl/oferta/2-pokoje-drzewieckiego-garaz-bez-prowizji-ID4zDMQ
2026-02-08 09:17,2 osobne pokoje / Zagony / Nowe / Bez prowizji,2800,40.7,https://www.otodom.pl/pl/oferta/2-osobne-pokoje-zagony-nowe-bez-prowizji-ID4zDMp
2026-02-08 09:17,Prestiżowy apartament w centrum Wrocławia,4000,49,https://www.otodom.pl/pl/oferta/prestizowy-apartament-w-centrum-wroclawia-ID4zZrl
2026-02-08 09:17,Kawalerka | Pets Friendly | Bezpośrednio | Od zaraz,2200,31.44,https://www.otodom.pl/pl/oferta/kawalerka-pets-friendly-bezposrednio-od-zaraz-ID4zMRx
2026-02-08 09:17,2-pok. z balkonem | Garaż | ul. Vespucciego,2500,42,https://www.otodom.pl/pl/oferta/2-pok-z-balkonem-garaz-ul-vespucciego-ID4zZux
2026-02-08 09:17,okolice Legnickiej/ 3 pokoje/ balkon/od zaraz,2500,50,https://www.otodom.pl/pl/oferta/okolice-legnickiej-3-pokoje-balkon-od-zaraz-ID4zQ9r
2026-02-08 09:18,kawalerka - Legnicka 33b/25a - bez prowizji,2115,23.81,https://www.otodom.pl/pl/oferta/kawalerka-legnicka-33b-25a-bez-prowizji-ID4zZt5
2026-02-08 09:18,River Point | centrum | piękne i komfortowe 3 pokoje | od zaraz.,3699,53,https://www.otodom.pl/pl/oferta/river-point-centrum-piekne-i-komfortowe-3-pokoje-od-zaraz-ID4zbo9
2026-02-08 09:18,Wynajmę mieszkanie Bulwar Pl Jana Pawła,3680,45,https://www.otodom.pl/pl/oferta/wynajme-mieszkanie-bulwar-pl-jana-pawla-ID4w9Xp
2026-02-08 09:18,"ul. Mosieżna - 2 pokoje, oddzielna kuchnia CENTRUM",2990,50,https://www.otodom.pl/pl/oferta/ul-mosiezna-2-pokoje-oddzielna-kuchnia-centrum-ID4zZrv
2026-02-08 09:18,Mieszkanie na Zatorskiej po Generalnym remoncie,3000,53,https://www.otodom.pl/pl/oferta/mieszkanie-na-zatorskiej-po-generalnym-remoncie-ID4tl8K
2026-02-08 09:18,"Jasna kawalerka z windą, 34 m² – przy Sky Tower",2150,34,https://www.otodom.pl/pl/oferta/jasna-kawalerka-z-winda-34-m-przy-sky-tower-ID4zTWQ
2026-02-08 09:19,Apartament na Zwycięskiej,4590,76,https://www.otodom.pl/pl/oferta/apartament-na-zwycieskiej-ID4zTSV
2026-02-08 09:19,Atal Towers,4000,48,https://www.otodom.pl/pl/oferta/atal-towers-ID4zTSR
2026-02-08 09:19,"przestronne mieszkanie z balkonem, piękna okolica",4200,105,https://www.otodom.pl/pl/oferta/przestronne-mieszkanie-z-balkonem-piekna-okolica-ID4zTRI
2026-02-08 09:19,Apartament 3-pokojowy w centrum Wrocławia | Przy Placu Jana Pawła,4000,64,https://www.otodom.pl/pl/oferta/apartament-3-pokojowy-w-centrum-wroclawia-przy-placu-jana-pawla-ID4zTPC
2026-02-08 09:19,Mieszkanie 4-pok | Taras | Garaż | T. Kutrzeby,4200,85,https://www.otodom.pl/pl/oferta/mieszkanie-4-pok-taras-garaz-t-kutrzeby-ID4zdck
2026-02-08 09:20,2-pokojowe mieszkanie | KURKOWA 14 | 0 % prowizji,3100,46,https://www.otodom.pl/pl/oferta/2-pokojowe-mieszkanie-kurkowa-14-0-prowizji-ID4zTLo
2026-02-08 09:20,Szczepin /blisko Komunikacji/ Miejsce postojowe,3000,38,https://www.otodom.pl/pl/oferta/szczepin-blisko-komunikacji-miejsce-postojowe-ID4zTMx
2026-02-08 09:20,"2 pokoje, 56,39m2, dwustronne z balkonem, Grabiszyn, ul. Grabiszyńska",3000,56.39,https://www.otodom.pl/pl/oferta/2-pokoje-56-39m2-dwustronne-z-balkonem-grabiszyn-ul-grabiszynska-ID4zvGh
2026-02-08 09:20,Mieszkanie 3-pok | 55 m2 | Rozkład | Legnicka,3000,55,https://www.otodom.pl/pl/oferta/mieszkanie-3-pok-55-m2-rozklad-legnicka-ID4zd4o
2026-02-08 09:20,Taras 25 m² | Klimatyzacja | Garaż | Od zaraz | Braniborska,3500,25,https://www.otodom.pl/pl/oferta/taras-25-m-klimatyzacja-garaz-od-zaraz-braniborska-ID4zTHt
2026-02-08 09:20,4-pokojowe mieszkanie Balkon+Piwnica-Strzegomska,4100,65,https://www.otodom.pl/hpr/pl/oferta/4-pokojowe-mieszkanie-balkon-piwnica-strzegomska-ID4zWiM
2026-02-08 09:21,3pokoje/ Skarbowców/ 2 balkony/ nieumeblowane,3200,72.22,https://www.otodom.pl/pl/oferta/3pokoje-skarbowcow-2-balkony-nieumeblowane-ID4zd4b
2026-02-08 09:21,"2 pok.,Corte Verona, Grabiszyn ul. Grabiszyńska | taras | klima| garaż",3000,46.86,https://www.otodom.pl/pl/oferta/2-pok-corte-verona-grabiszyn-ul-grabiszynska-taras-klima-garaz-ID4zTwX
2026-02-08 09:21,"Mieszkanie, 52 m², Wrocław",2300,52,https://www.otodom.pl/pl/oferta/mieszkanie-52-m-wroclaw-ID4zT5k
2026-02-08 09:21,Krzyki - 2 pokojowe do wynajęcia od 1.03.2026,1800,43,https://www.otodom.pl/pl/oferta/krzyki-2-pokojowe-do-wynajecia-od-1-03-2026-ID4xISs
2026-02-08 09:22,Mieszkanie  do wynajęcia od zaraz WYSOKI STANDARD- Poświętne,3200,50,https://www.otodom.pl/pl/oferta/mieszkanie-do-wynajecia-od-zaraz-wysoki-standard-poswietne-ID4zJVV
2026-02-08 09:22,Nowe 2 pokoje - Legnicka 33 - wys. standard GARAŻ,3000,35,https://www.otodom.pl/pl/oferta/nowe-2-pokoje-legnicka-33-wys-standard-garaz-ID4j5iq
2026-02-08 09:22,Grabiszyńska / Zaporoska - wolne od 1 marca,2000,34,https://www.otodom.pl/pl/oferta/grabiszynska-zaporoska-wolne-od-1-marca-ID4zZpo
2026-02-08 09:22,Wynajem 2-pokojowego mieszkania - bezpośrednio od Właściciela!,3300,42,https://www.otodom.pl/pl/oferta/wynajem-2-pokojowego-mieszkania-bezposrednio-od-wlasciciela-ID4zZoy
2026-02-08 09:22,"3 pokoje dla rodziny, widok na zieleń, Krzywoustego 7, Wrocław",3650,71,https://www.otodom.pl/pl/oferta/3-pokoje-dla-rodziny-widok-na-zielen-krzywoustego-7-wroclaw-ID4zZnV
2026-02-08 09:23,Jasne 3-pok. mieszkanie | duży balkon | szlaban | kameralne osiedle,3100,53,https://www.otodom.pl/pl/oferta/jasne-3-pok-mieszkanie-duzy-balkon-szlaban-kameralne-osiedle-ID4zRpC
2026-02-08 09:23,Wynajmę 2-pok. mieszkanie na Widawie | Drugi najem | Bez pośredników!,2900,40,https://www.otodom.pl/pl/oferta/wynajme-2-pok-mieszkanie-na-widawie-drugi-najem-bez-posrednikow-ID4zZnM
2026-02-08 09:23,3-pokojowe mieszkanie z balkonem i 2 miejscami postojowymi,3500,67,https://www.otodom.pl/pl/oferta/3-pokojowe-mieszkanie-z-balkonem-i-2-miejscami-postojowymi-ID4zZnk
2026-02-08 09:23,"3 pokoje, duży balkon, koło pl. Grunwaldzkiego",2500,45,https://www.otodom.pl/pl/oferta/3-pokoje-duzy-balkon-kolo-pl-grunwaldzkiego-ID4zZms
2026-02-08 09:23,Nowe Miasto Różanka | 2 pokoje | 39 m² | 2 tarasy,2800,39,https://www.otodom.pl/pl/oferta/nowe-miasto-rozanka-2-pokoje-39-m-2-tarasy-ID4zZkT
2026-02-08 09:23,Mieszkanie po generalnym remoncie,3000,48,https://www.otodom.pl/pl/oferta/mieszkanie-po-generalnym-remoncie-ID4zZkH
2026-02-08 09:24,Promenady Wrocławskie|Osobna sypialnia|Komórka lok,2650,28.33,https://www.otodom.pl/pl/oferta/promenady-wroclawskie-osobna-sypialnia-komorka-lok-ID4zZjU
2026-02-08 09:24,Mieszkanie 3-pokojowe 68m² PO ODŚWIEŻENIU z GARAŻEM i KOMÓRKĄ!,3600,68,https://www.otodom.pl/pl/oferta/mieszkanie-3-pokojowe-68m-po-odswiezeniu-z-garazem-i-komorka-ID4zZjE
2026-02-08 09:24,2 pokoje/39m2/Centrum/Balkon/Mp,2499,39,https://www.otodom.pl/pl/oferta/2-pokoje-39m2-centrum-balkon-mp-ID4zZj9
2026-02-08 09:24,Komfortowe 3-pokojowe mieszkanie z balkonem,3500,65,https://www.otodom.pl/pl/oferta/komfortowe-3-pokojowe-mieszkanie-z-balkonem-ID4qREE
2026-02-08 09:24,"3 pokoje, 2 miejsca garażowe, Promenady Wrocławskie",4600,63,https://www.otodom.pl/pl/oferta/3-pokoje-2-miejsca-garazowe-promenady-wroclawskie-ID4zZi2
2026-02-08 09:25,Bezpośrednio I Nowe I W centrum I Przyjazne zwierzętom,2826,57,https://www.otodom.pl/pl/oferta/bezposrednio-i-nowe-i-w-centrum-i-przyjazne-zwierzetom-ID4ze6y
2026-02-08 09:25,"Mieszkanie z widokiem na park, komórka lokatorska+miejsce parkingowe",3800,63,https://www.otodom.pl/pl/oferta/mieszkanie-z-widokiem-na-park-komorka-lokatorska-miejsce-parkingowe-ID4zmOM
2026-02-08 09:25,Kawalerka po remoncie | I Najem,1900,20,https://www.otodom.pl/pl/oferta/kawalerka-po-remoncie-i-najem-ID4zLqw
2026-02-08 09:25,Kawalerka świeżo po remoncie | I Najem,1900,20,https://www.otodom.pl/pl/oferta/kawalerka-swiezo-po-remoncie-i-najem-ID4zIaN
2026-02-08 09:25,"Mieszkanie 2. Pokojowe, 54m2, 2 piętro, ul. Piękna",3000,54,https://www.otodom.pl/pl/oferta/mieszkanie-2-pokojowe-54m2-2-pietro-ul-piekna-ID49md9
2026-02-08 09:26,Ul. Ślężna - 2pok | Balkon | 42m2 | widok na park,2500,41.12,https://www.otodom.pl/pl/oferta/ul-slezna-2pok-balkon-42m2-widok-na-park-ID4zZeg
2026-02-08 09:26,Pierwszy najem | Nowe | Stylowe | 2 Pokoje,3600,40.9,https://www.otodom.pl/pl/oferta/pierwszy-najem-nowe-stylowe-2-pokoje-ID4zZe1
2026-02-08 09:26,"Mieszkanie z garażem, komórką lokatorską i balkone",3800,73,https://www.otodom.pl/pl/oferta/mieszkanie-z-garazem-komorka-lokatorska-i-balkone-ID4zZdu
2026-02-08 09:26,Nowe 4 pokojowe mieszkanie z 2 łazienkami,3950,67,https://www.otodom.pl/pl/oferta/nowe-4-pokojowe-mieszkanie-z-2-lazienkami-ID4z6y3
2026-02-08 09:26,Trzy pokoje dużym tarasem,4000,84.74,https://www.otodom.pl/pl/oferta/trzy-pokoje-duzym-tarasem-ID4zZcp
2026-02-08 09:27,Legnicka/LUX/Winda/Garaż,2800,42,https://www.otodom.pl/pl/oferta/legnicka-lux-winda-garaz-ID4zZcm
2026-02-08 09:27,Mieszkanie na wynajem Krzeptów,4000,100,https://www.otodom.pl/pl/oferta/mieszkanie-na-wynajem-krzeptow-ID4zMzg
2026-02-08 09:27,"2 pokoje 46 m² | Home office, garderoba| Balkon| ul. Długa, Szczepin",3200,46,https://www.otodom.pl/pl/oferta/2-pokoje-46-m-home-office-garderoba-balkon-ul-dluga-szczepin-ID4qRjj
2026-02-08 09:27,"Pierwszy najem, dwa pokoje, blisko parku",2900,43,https://www.otodom.pl/pl/oferta/pierwszy-najem-dwa-pokoje-blisko-parku-ID4zZbk
2026-02-08 09:27,3-pokojowe mieszkanie z klimatyzacją ul. Hubska,3250,62,https://www.otodom.pl/pl/oferta/3-pokojowe-mieszkanie-z-klimatyzacja-ul-hubska-ID4zZa9
2026-02-08 09:27,"Nowoczesna kawalerka z balkonem i garażem – Ołtaszyn, ul. Nefrytowa 77",1900,28,https://www.otodom.pl/pl/oferta/nowoczesna-kawalerka-z-balkonem-i-garazem-oltaszyn-ul-nefrytowa-77-ID4zY1z
2026-02-08 09:28,3pokoje/ Skarbowców/ 2 balkony/ nieumeblowane,3200,72.22,https://www.otodom.pl/hpr/pl/oferta/3pokoje-skarbowcow-2-balkony-nieumeblowane-ID4zd4b
2026-02-08 09:28,3-pokojowe 63 m² | KĘPA MIESZCZAŃSKA | parking w cenie,4600,63,https://www.otodom.pl/pl/oferta/3-pokojowe-63-m-kepa-mieszczanska-parking-w-cenie-ID4zXFM
2026-02-08 09:28,Jasne 2‑pokojowe mieszkanie pierwszy najem - Trzmielowicka,2290,35,https://www.otodom.pl/pl/oferta/jasne-2pokojowe-mieszkanie-pierwszy-najem-trzmielowicka-ID4zY29
2026-02-08 09:28,PL |UA| Macedońska| 3 pokojowe | Osobna kuchnia,3270,50,https://www.otodom.pl/pl/oferta/pl-ua-macedonska-3-pokojowe-osobna-kuchnia-ID4zZ9T
2026-02-08 09:28,PL | UA | RU | Premium 106 m² | 44 piętro | 3 pokoje | Sky Tower,9500,106,https://www.otodom.pl/pl/oferta/pl-ua-ru-premium-106-m-44-pietro-3-pokoje-sky-tower-ID4zZ9L
2026-02-08 09:29,"Mieszkanie  trzypokojowe - 58 m2, w dobrej lokalizacji, od 2.02.2026",3200,58,https://www.otodom.pl/pl/oferta/mieszkanie-trzypokojowe-58-m2-w-dobrej-lokalizacji-od-2-02-2026-ID4zf0Q
2026-02-08 09:29,2-pokoje - Białowieska 116/20A - bez prowizji,2858,38.61,https://www.otodom.pl/pl/oferta/2-pokoje-bialowieska-116-20a-bez-prowizji-ID4zZ8L
2026-02-08 09:29,Kawalerka 14m/wysoki standard/Stalowa,2400,14,https://www.otodom.pl/pl/oferta/kawalerka-14m-wysoki-standard-stalowa-ID4zZ8K
2026-02-08 09:29,47 m2 w centrum na wynajem dostępne odręki!,3800,47,https://www.otodom.pl/pl/oferta/47-m2-w-centrum-na-wynajem-dostepne-odreki-ID4tqxR
2026-02-08 09:29,Do wynajęcia 2-pokojowe-WYSOKI STANDARD-PIERWSZY NAJEM bez pośredników,2900,44,https://www.otodom.pl/pl/oferta/do-wynajecia-2-pokojowe-wysoki-standard-pierwszy-najem-bez-posrednikow-ID4zRku
2026-02-08 09:30,2 pokoje przy rzece | Mp | loggia | klimatyzacja,3200,48.5,https://www.otodom.pl/pl/oferta/2-pokoje-przy-rzece-mp-loggia-klimatyzacja-ID4zFbU
2026-02-08 09:30,2 pok | 54 m² | 1 piętro | budynek 2019 | parking | ul. Rychtalska,3300,54,https://www.otodom.pl/pl/oferta/2-pok-54-m-1-pietro-budynek-2019-parking-ul-rychtalska-ID4zZ7v
2026-02-08 09:30,"Centrum, UL. Piłsukdskiego, Arkady, Po Remoncie",2400,41,https://www.otodom.pl/pl/oferta/centrum-ul-pilsukdskiego-arkady-po-remoncie-ID4zZ6u
2026-02-08 09:30,Klimatyzowana kawalerka obok Placu Grunwaldzkiego,1750,18,https://www.otodom.pl/pl/oferta/klimatyzowana-kawalerka-obok-placu-grunwaldzkiego-ID4zMpv
2026-02-08 09:30,3-pokoje - Braniborska 64/28B - bez prowizji,3752,48.37,https://www.otodom.pl/pl/oferta/3-pokoje-braniborska-64-28b-bez-prowizji-ID4zZ5U
2026-02-08 09:30,"tylko osoby dorosłe, bez dzieci",2100,33.52,https://www.otodom.pl/pl/oferta/tylko-osoby-dorosle-bez-dzieci-ID4zZ5s
2026-02-08 09:30,"Krzyki, ul. Swobodna - balkon, miejsce postojowe",1900,35,https://www.otodom.pl/pl/oferta/krzyki-ul-swobodna-balkon-miejsce-postojowe-ID4zZ5o
